[debug] [2024-09-08T00:45:52.647Z] ----------------------------------------------------------------------
[debug] [2024-09-08T00:45:52.659Z] Command:       C:\Program Files\nodejs\node.exe C:\Users\Connection\AppData\Roaming\npm\node_modules\firebase-tools\lib\bin\firebase.js emulators:start
[debug] [2024-09-08T00:45:52.660Z] CLI Version:   13.16.0
[debug] [2024-09-08T00:45:52.661Z] Platform:      win32
[debug] [2024-09-08T00:45:52.661Z] Node Version:  v20.15.1
[debug] [2024-09-08T00:45:52.661Z] Time:          Sun Sep 08 2024 01:45:52 GMT+0100 (Hora de verão Britânica)
[debug] [2024-09-08T00:45:52.661Z] ----------------------------------------------------------------------
[debug] 
[debug] [2024-09-08T00:45:52.836Z] > command requires scopes: ["email","openid","https://www.googleapis.com/auth/cloudplatformprojects.readonly","https://www.googleapis.com/auth/firebase","https://www.googleapis.com/auth/cloud-platform"]
[debug] [2024-09-08T00:45:52.837Z] > authorizing via signed-in user (mohvicente.saide@gmail.com)
[info] i  emulators: Starting emulators: functions {"metadata":{"emulator":{"name":"hub"},"message":"Starting emulators: functions"}}
[debug] [2024-09-08T00:45:52.851Z] [logging] Logging Emulator only supports listening on one address (127.0.0.1). Not listening on ::1
[debug] [2024-09-08T00:45:52.852Z] assigned listening specs for emulators {"user":{"hub":[{"address":"127.0.0.1","family":"IPv4","port":4400},{"address":"::1","family":"IPv6","port":4400}],"ui":[{"address":"127.0.0.1","family":"IPv4","port":4000},{"address":"::1","family":"IPv6","port":4000}],"logging":[{"address":"127.0.0.1","family":"IPv4","port":4500}]},"metadata":{"message":"assigned listening specs for emulators"}}
[debug] [2024-09-08T00:45:52.858Z] [hub] writing locator at C:\Users\CONNEC~1\AppData\Local\Temp\hub-connectiopos.json
[debug] [2024-09-08T00:45:52.933Z] [functions] Functions Emulator only supports listening on one address (127.0.0.1). Not listening on ::1
[debug] [2024-09-08T00:45:52.934Z] [eventarc] Eventarc Emulator only supports listening on one address (127.0.0.1). Not listening on ::1
[debug] [2024-09-08T00:45:52.934Z] [tasks] Cloud Tasks Emulator only supports listening on one address (127.0.0.1). Not listening on ::1
[debug] [2024-09-08T00:45:52.934Z] late-assigned ports for functions and eventarc emulators {"user":{"hub":[{"address":"127.0.0.1","family":"IPv4","port":4400},{"address":"::1","family":"IPv6","port":4400}],"ui":[{"address":"127.0.0.1","family":"IPv4","port":4000},{"address":"::1","family":"IPv6","port":4000}],"logging":[{"address":"127.0.0.1","family":"IPv4","port":4500}],"functions":[{"address":"127.0.0.1","family":"IPv4","port":5001}],"eventarc":[{"address":"127.0.0.1","family":"IPv4","port":9299}],"tasks":[{"address":"127.0.0.1","family":"IPv4","port":9499}]},"metadata":{"message":"late-assigned ports for functions and eventarc emulators"}}
[warn] !  functions: The following emulators are not running, calls to these services from the Functions emulator will affect production: auth, firestore, database, hosting, pubsub, storage, dataconnect {"metadata":{"emulator":{"name":"functions"},"message":"The following emulators are not running, calls to these services from the Functions emulator will affect production: \u001b[1mauth, firestore, database, hosting, pubsub, storage, dataconnect\u001b[22m"}}
[debug] [2024-09-08T00:45:52.940Z] defaultcredentials: writing to file C:\Users\Connection\AppData\Roaming\firebase\mohvicente_saide_gmail.com_application_default_credentials.json
[debug] [2024-09-08T00:45:52.943Z] Setting GAC to C:\Users\Connection\AppData\Roaming\firebase\mohvicente_saide_gmail.com_application_default_credentials.json {"metadata":{"emulator":{"name":"functions"},"message":"Setting GAC to C:\\Users\\Connection\\AppData\\Roaming\\firebase\\mohvicente_saide_gmail.com_application_default_credentials.json"}}
[debug] [2024-09-08T00:45:52.945Z] >>> [apiv2][query] GET https://firebase.googleapis.com/v1beta1/projects/connectiopos/adminSdkConfig [none]
[debug] [2024-09-08T00:45:54.220Z] <<< [apiv2][status] GET https://firebase.googleapis.com/v1beta1/projects/connectiopos/adminSdkConfig 200
[debug] [2024-09-08T00:45:54.221Z] <<< [apiv2][body] GET https://firebase.googleapis.com/v1beta1/projects/connectiopos/adminSdkConfig {"projectId":"connectiopos","databaseURL":"https://connectiopos-default-rtdb.firebaseio.com","storageBucket":"connectiopos.appspot.com","locationId":"us-central"}
[info] i  ui: downloading ui-v1.13.0.zip... {"metadata":{"emulator":{"name":"ui"},"message":"downloading ui-v1.13.0.zip..."}}
[debug] [2024-09-08T00:45:54.286Z] >>> [apiv2][query] GET https://storage.googleapis.com/firebase-preview-drop/emulator/ui-v1.13.0.zip 
[debug] [2024-09-08T00:45:55.041Z] <<< [apiv2][status] GET https://storage.googleapis.com/firebase-preview-drop/emulator/ui-v1.13.0.zip 200
[debug] [2024-09-08T00:45:55.042Z] <<< [apiv2][body] GET https://storage.googleapis.com/firebase-preview-drop/emulator/ui-v1.13.0.zip [stream]
[debug] [2024-09-08T00:45:57.845Z] Data is 3605485
[debug] [2024-09-08T00:45:57.846Z] [unzip] Entry: client/ (compressed_size=0 bytes, uncompressed_size=0 bytes)
[debug] [2024-09-08T00:45:57.846Z] [unzip] Processing entry: client\
[debug] [2024-09-08T00:45:57.846Z] [unzip] mkdir: C:\Users\Connection\.cache\firebase\emulators\ui-v1.13.0\client\
[debug] [2024-09-08T00:45:57.848Z] [unzip] Entry: client/favicon-16x16.png (compressed_size=293 bytes, uncompressed_size=293 bytes)
[debug] [2024-09-08T00:45:57.848Z] [unzip] Processing entry: client\favicon-16x16.png
[debug] [2024-09-08T00:45:57.849Z] [unzip] else mkdir: C:\Users\Connection\.cache\firebase\emulators\ui-v1.13.0\client
[debug] [2024-09-08T00:45:57.851Z] [unzip] Writing file: C:\Users\Connection\.cache\firebase\emulators\ui-v1.13.0\client\favicon-16x16.png
[debug] [2024-09-08T00:45:57.853Z] [unzip] Entry: client/safari-pinned-tab.svg (compressed_size=1433 bytes, uncompressed_size=2611 bytes)
[debug] [2024-09-08T00:45:57.853Z] [unzip] Processing entry: client\safari-pinned-tab.svg
[debug] [2024-09-08T00:45:57.853Z] [unzip] else mkdir: C:\Users\Connection\.cache\firebase\emulators\ui-v1.13.0\client
[debug] [2024-09-08T00:45:57.854Z] [unzip] deflating: C:\Users\Connection\.cache\firebase\emulators\ui-v1.13.0\client\safari-pinned-tab.svg
[debug] [2024-09-08T00:45:57.859Z] [unzip] Entry: client/favicon.ico (compressed_size=2933 bytes, uncompressed_size=13294 bytes)
[debug] [2024-09-08T00:45:57.859Z] [unzip] Processing entry: client\favicon.ico
[debug] [2024-09-08T00:45:57.859Z] [unzip] else mkdir: C:\Users\Connection\.cache\firebase\emulators\ui-v1.13.0\client
[debug] [2024-09-08T00:45:57.860Z] [unzip] deflating: C:\Users\Connection\.cache\firebase\emulators\ui-v1.13.0\client\favicon.ico
[debug] [2024-09-08T00:45:57.861Z] [unzip] Entry: client/index.html (compressed_size=1361 bytes, uncompressed_size=3071 bytes)
[debug] [2024-09-08T00:45:57.861Z] [unzip] Processing entry: client\index.html
[debug] [2024-09-08T00:45:57.861Z] [unzip] else mkdir: C:\Users\Connection\.cache\firebase\emulators\ui-v1.13.0\client
[debug] [2024-09-08T00:45:57.861Z] [unzip] deflating: C:\Users\Connection\.cache\firebase\emulators\ui-v1.13.0\client\index.html
[debug] [2024-09-08T00:45:57.863Z] [unzip] Entry: client/android-chrome-192x192.png (compressed_size=2684 bytes, uncompressed_size=2684 bytes)
[debug] [2024-09-08T00:45:57.863Z] [unzip] Processing entry: client\android-chrome-192x192.png
[debug] [2024-09-08T00:45:57.864Z] [unzip] else mkdir: C:\Users\Connection\.cache\firebase\emulators\ui-v1.13.0\client
[debug] [2024-09-08T00:45:57.864Z] [unzip] Writing file: C:\Users\Connection\.cache\firebase\emulators\ui-v1.13.0\client\android-chrome-192x192.png
[debug] [2024-09-08T00:45:57.865Z] [unzip] Entry: client/apple-touch-icon.png (compressed_size=2123 bytes, uncompressed_size=2152 bytes)
[debug] [2024-09-08T00:45:57.866Z] [unzip] Processing entry: client\apple-touch-icon.png
[debug] [2024-09-08T00:45:57.866Z] [unzip] else mkdir: C:\Users\Connection\.cache\firebase\emulators\ui-v1.13.0\client
[debug] [2024-09-08T00:45:57.867Z] [unzip] deflating: C:\Users\Connection\.cache\firebase\emulators\ui-v1.13.0\client\apple-touch-icon.png
[debug] [2024-09-08T00:45:57.869Z] [unzip] Entry: client/android-chrome-512x512.png (compressed_size=5369 bytes, uncompressed_size=5411 bytes)
[debug] [2024-09-08T00:45:57.869Z] [unzip] Processing entry: client\android-chrome-512x512.png
[debug] [2024-09-08T00:45:57.869Z] [unzip] else mkdir: C:\Users\Connection\.cache\firebase\emulators\ui-v1.13.0\client
[debug] [2024-09-08T00:45:57.869Z] [unzip] deflating: C:\Users\Connection\.cache\firebase\emulators\ui-v1.13.0\client\android-chrome-512x512.png
[debug] [2024-09-08T00:45:57.871Z] [unzip] Entry: client/manifest.json (compressed_size=245 bytes, uncompressed_size=551 bytes)
[debug] [2024-09-08T00:45:57.871Z] [unzip] Processing entry: client\manifest.json
[debug] [2024-09-08T00:45:57.871Z] [unzip] else mkdir: C:\Users\Connection\.cache\firebase\emulators\ui-v1.13.0\client
[debug] [2024-09-08T00:45:57.871Z] [unzip] deflating: C:\Users\Connection\.cache\firebase\emulators\ui-v1.13.0\client\manifest.json
[debug] [2024-09-08T00:45:57.873Z] [unzip] Entry: client/robots.txt (compressed_size=26 bytes, uncompressed_size=26 bytes)
[debug] [2024-09-08T00:45:57.873Z] [unzip] Processing entry: client\robots.txt
[debug] [2024-09-08T00:45:57.873Z] [unzip] else mkdir: C:\Users\Connection\.cache\firebase\emulators\ui-v1.13.0\client
[debug] [2024-09-08T00:45:57.874Z] [unzip] Writing file: C:\Users\Connection\.cache\firebase\emulators\ui-v1.13.0\client\robots.txt
[debug] [2024-09-08T00:45:57.875Z] [unzip] Entry: client/mstile-150x150.png (compressed_size=2034 bytes, uncompressed_size=2034 bytes)
[debug] [2024-09-08T00:45:57.875Z] [unzip] Processing entry: client\mstile-150x150.png
[debug] [2024-09-08T00:45:57.875Z] [unzip] else mkdir: C:\Users\Connection\.cache\firebase\emulators\ui-v1.13.0\client
[debug] [2024-09-08T00:45:57.875Z] [unzip] Writing file: C:\Users\Connection\.cache\firebase\emulators\ui-v1.13.0\client\mstile-150x150.png
[debug] [2024-09-08T00:45:57.876Z] [unzip] Entry: client/assets/ (compressed_size=0 bytes, uncompressed_size=0 bytes)
[debug] [2024-09-08T00:45:57.876Z] [unzip] Processing entry: client\assets\
[debug] [2024-09-08T00:45:57.876Z] [unzip] mkdir: C:\Users\Connection\.cache\firebase\emulators\ui-v1.13.0\client\assets\
[debug] [2024-09-08T00:45:57.877Z] [unzip] Entry: client/assets/index-I-mhtQda.js.map (compressed_size=2322562 bytes, uncompressed_size=9922747 bytes)
[debug] [2024-09-08T00:45:57.877Z] [unzip] Processing entry: client\assets\index-I-mhtQda.js.map
[debug] [2024-09-08T00:45:57.877Z] [unzip] else mkdir: C:\Users\Connection\.cache\firebase\emulators\ui-v1.13.0\client\assets
[debug] [2024-09-08T00:45:57.877Z] [unzip] deflating: C:\Users\Connection\.cache\firebase\emulators\ui-v1.13.0\client\assets\index-I-mhtQda.js.map
[debug] [2024-09-08T00:45:57.934Z] [unzip] Entry: client/assets/index-BdgySamB.css (compressed_size=35979 bytes, uncompressed_size=298654 bytes)
[debug] [2024-09-08T00:45:57.935Z] [unzip] Processing entry: client\assets\index-BdgySamB.css
[debug] [2024-09-08T00:45:57.935Z] [unzip] else mkdir: C:\Users\Connection\.cache\firebase\emulators\ui-v1.13.0\client\assets
[debug] [2024-09-08T00:45:57.935Z] [unzip] deflating: C:\Users\Connection\.cache\firebase\emulators\ui-v1.13.0\client\assets\index-BdgySamB.css
[debug] [2024-09-08T00:45:57.938Z] [unzip] Entry: client/assets/index-I-mhtQda.js (compressed_size=565968 bytes, uncompressed_size=2030855 bytes)
[debug] [2024-09-08T00:45:57.938Z] [unzip] Processing entry: client\assets\index-I-mhtQda.js
[debug] [2024-09-08T00:45:57.938Z] [unzip] else mkdir: C:\Users\Connection\.cache\firebase\emulators\ui-v1.13.0\client\assets
[debug] [2024-09-08T00:45:57.938Z] [unzip] deflating: C:\Users\Connection\.cache\firebase\emulators\ui-v1.13.0\client\assets\index-I-mhtQda.js
[debug] [2024-09-08T00:45:57.952Z] [unzip] Entry: client/assets/extensions/ (compressed_size=0 bytes, uncompressed_size=0 bytes)
[debug] [2024-09-08T00:45:57.952Z] [unzip] Processing entry: client\assets\extensions\
[debug] [2024-09-08T00:45:57.952Z] [unzip] mkdir: C:\Users\Connection\.cache\firebase\emulators\ui-v1.13.0\client\assets\extensions\
[debug] [2024-09-08T00:45:57.952Z] [unzip] Entry: client/assets/extensions/default-extension.png (compressed_size=1646 bytes, uncompressed_size=1657 bytes)
[debug] [2024-09-08T00:45:57.953Z] [unzip] Processing entry: client\assets\extensions\default-extension.png
[debug] [2024-09-08T00:45:57.953Z] [unzip] else mkdir: C:\Users\Connection\.cache\firebase\emulators\ui-v1.13.0\client\assets\extensions
[debug] [2024-09-08T00:45:57.953Z] [unzip] deflating: C:\Users\Connection\.cache\firebase\emulators\ui-v1.13.0\client\assets\extensions\default-extension.png
[debug] [2024-09-08T00:45:57.954Z] [unzip] Entry: client/assets/img/ (compressed_size=0 bytes, uncompressed_size=0 bytes)
[debug] [2024-09-08T00:45:57.955Z] [unzip] Processing entry: client\assets\img\
[debug] [2024-09-08T00:45:57.955Z] [unzip] mkdir: C:\Users\Connection\.cache\firebase\emulators\ui-v1.13.0\client\assets\img\
[debug] [2024-09-08T00:45:57.955Z] [unzip] Entry: client/assets/img/database.png (compressed_size=29449 bytes, uncompressed_size=29988 bytes)
[debug] [2024-09-08T00:45:57.955Z] [unzip] Processing entry: client\assets\img\database.png
[debug] [2024-09-08T00:45:57.955Z] [unzip] else mkdir: C:\Users\Connection\.cache\firebase\emulators\ui-v1.13.0\client\assets\img
[debug] [2024-09-08T00:45:57.956Z] [unzip] deflating: C:\Users\Connection\.cache\firebase\emulators\ui-v1.13.0\client\assets\img\database.png
[debug] [2024-09-08T00:45:57.957Z] [unzip] Entry: client/assets/provider-icons/ (compressed_size=0 bytes, uncompressed_size=0 bytes)
[debug] [2024-09-08T00:45:57.957Z] [unzip] Processing entry: client\assets\provider-icons\
[debug] [2024-09-08T00:45:57.957Z] [unzip] mkdir: C:\Users\Connection\.cache\firebase\emulators\ui-v1.13.0\client\assets\provider-icons\
[debug] [2024-09-08T00:45:57.958Z] [unzip] Entry: client/assets/provider-icons/auth_service_saml.svg (compressed_size=575 bytes, uncompressed_size=1226 bytes)
[debug] [2024-09-08T00:45:57.958Z] [unzip] Processing entry: client\assets\provider-icons\auth_service_saml.svg
[debug] [2024-09-08T00:45:57.958Z] [unzip] else mkdir: C:\Users\Connection\.cache\firebase\emulators\ui-v1.13.0\client\assets\provider-icons
[debug] [2024-09-08T00:45:57.958Z] [unzip] deflating: C:\Users\Connection\.cache\firebase\emulators\ui-v1.13.0\client\assets\provider-icons\auth_service_saml.svg
[debug] [2024-09-08T00:45:57.960Z] [unzip] Entry: client/assets/provider-icons/auth_service_phone.svg (compressed_size=261 bytes, uncompressed_size=414 bytes)
[debug] [2024-09-08T00:45:57.960Z] [unzip] Processing entry: client\assets\provider-icons\auth_service_phone.svg
[debug] [2024-09-08T00:45:57.960Z] [unzip] else mkdir: C:\Users\Connection\.cache\firebase\emulators\ui-v1.13.0\client\assets\provider-icons
[debug] [2024-09-08T00:45:57.960Z] [unzip] deflating: C:\Users\Connection\.cache\firebase\emulators\ui-v1.13.0\client\assets\provider-icons\auth_service_phone.svg
[debug] [2024-09-08T00:45:57.962Z] [unzip] Entry: client/assets/provider-icons/auth_service_facebook.svg (compressed_size=289 bytes, uncompressed_size=457 bytes)
[debug] [2024-09-08T00:45:57.962Z] [unzip] Processing entry: client\assets\provider-icons\auth_service_facebook.svg
[debug] [2024-09-08T00:45:57.962Z] [unzip] else mkdir: C:\Users\Connection\.cache\firebase\emulators\ui-v1.13.0\client\assets\provider-icons
[debug] [2024-09-08T00:45:57.962Z] [unzip] deflating: C:\Users\Connection\.cache\firebase\emulators\ui-v1.13.0\client\assets\provider-icons\auth_service_facebook.svg
[debug] [2024-09-08T00:45:57.964Z] [unzip] Entry: client/assets/provider-icons/auth_service_game_center.svg (compressed_size=991 bytes, uncompressed_size=3921 bytes)
[debug] [2024-09-08T00:45:57.964Z] [unzip] Processing entry: client\assets\provider-icons\auth_service_game_center.svg
[debug] [2024-09-08T00:45:57.964Z] [unzip] else mkdir: C:\Users\Connection\.cache\firebase\emulators\ui-v1.13.0\client\assets\provider-icons
[debug] [2024-09-08T00:45:57.964Z] [unzip] deflating: C:\Users\Connection\.cache\firebase\emulators\ui-v1.13.0\client\assets\provider-icons\auth_service_game_center.svg
[debug] [2024-09-08T00:45:57.966Z] [unzip] Entry: client/assets/provider-icons/auth_service_apple.svg (compressed_size=230 bytes, uncompressed_size=334 bytes)
[debug] [2024-09-08T00:45:57.966Z] [unzip] Processing entry: client\assets\provider-icons\auth_service_apple.svg
[debug] [2024-09-08T00:45:57.966Z] [unzip] else mkdir: C:\Users\Connection\.cache\firebase\emulators\ui-v1.13.0\client\assets\provider-icons
[debug] [2024-09-08T00:45:57.966Z] [unzip] deflating: C:\Users\Connection\.cache\firebase\emulators\ui-v1.13.0\client\assets\provider-icons\auth_service_apple.svg
[debug] [2024-09-08T00:45:57.968Z] [unzip] Entry: client/assets/provider-icons/auth_service_github.svg (compressed_size=466 bytes, uncompressed_size=838 bytes)
[debug] [2024-09-08T00:45:57.968Z] [unzip] Processing entry: client\assets\provider-icons\auth_service_github.svg
[debug] [2024-09-08T00:45:57.968Z] [unzip] else mkdir: C:\Users\Connection\.cache\firebase\emulators\ui-v1.13.0\client\assets\provider-icons
[debug] [2024-09-08T00:45:57.968Z] [unzip] deflating: C:\Users\Connection\.cache\firebase\emulators\ui-v1.13.0\client\assets\provider-icons\auth_service_github.svg
[debug] [2024-09-08T00:45:57.970Z] [unzip] Entry: client/assets/provider-icons/auth_service_mslive.svg (compressed_size=203 bytes, uncompressed_size=378 bytes)
[debug] [2024-09-08T00:45:57.970Z] [unzip] Processing entry: client\assets\provider-icons\auth_service_mslive.svg
[debug] [2024-09-08T00:45:57.970Z] [unzip] else mkdir: C:\Users\Connection\.cache\firebase\emulators\ui-v1.13.0\client\assets\provider-icons
[debug] [2024-09-08T00:45:57.971Z] [unzip] deflating: C:\Users\Connection\.cache\firebase\emulators\ui-v1.13.0\client\assets\provider-icons\auth_service_mslive.svg
[debug] [2024-09-08T00:45:57.972Z] [unzip] Entry: client/assets/provider-icons/auth_service_yahoo.svg (compressed_size=577 bytes, uncompressed_size=1182 bytes)
[debug] [2024-09-08T00:45:57.973Z] [unzip] Processing entry: client\assets\provider-icons\auth_service_yahoo.svg
[debug] [2024-09-08T00:45:57.973Z] [unzip] else mkdir: C:\Users\Connection\.cache\firebase\emulators\ui-v1.13.0\client\assets\provider-icons
[debug] [2024-09-08T00:45:57.974Z] [unzip] deflating: C:\Users\Connection\.cache\firebase\emulators\ui-v1.13.0\client\assets\provider-icons\auth_service_yahoo.svg
[debug] [2024-09-08T00:45:57.975Z] [unzip] Entry: client/assets/provider-icons/auth_service_twitter.svg (compressed_size=444 bytes, uncompressed_size=751 bytes)
[debug] [2024-09-08T00:45:57.975Z] [unzip] Processing entry: client\assets\provider-icons\auth_service_twitter.svg
[debug] [2024-09-08T00:45:57.975Z] [unzip] else mkdir: C:\Users\Connection\.cache\firebase\emulators\ui-v1.13.0\client\assets\provider-icons
[debug] [2024-09-08T00:45:57.975Z] [unzip] deflating: C:\Users\Connection\.cache\firebase\emulators\ui-v1.13.0\client\assets\provider-icons\auth_service_twitter.svg
[debug] [2024-09-08T00:45:57.977Z] [unzip] Entry: client/assets/provider-icons/auth_service_play_games.svg (compressed_size=565 bytes, uncompressed_size=1173 bytes)
[debug] [2024-09-08T00:45:57.977Z] [unzip] Processing entry: client\assets\provider-icons\auth_service_play_games.svg
[debug] [2024-09-08T00:45:57.977Z] [unzip] else mkdir: C:\Users\Connection\.cache\firebase\emulators\ui-v1.13.0\client\assets\provider-icons
[debug] [2024-09-08T00:45:57.977Z] [unzip] deflating: C:\Users\Connection\.cache\firebase\emulators\ui-v1.13.0\client\assets\provider-icons\auth_service_play_games.svg
[debug] [2024-09-08T00:45:57.978Z] [unzip] Entry: client/assets/provider-icons/auth_service_email.svg (compressed_size=228 bytes, uncompressed_size=326 bytes)
[debug] [2024-09-08T00:45:57.979Z] [unzip] Processing entry: client\assets\provider-icons\auth_service_email.svg
[debug] [2024-09-08T00:45:57.979Z] [unzip] else mkdir: C:\Users\Connection\.cache\firebase\emulators\ui-v1.13.0\client\assets\provider-icons
[debug] [2024-09-08T00:45:57.979Z] [unzip] deflating: C:\Users\Connection\.cache\firebase\emulators\ui-v1.13.0\client\assets\provider-icons\auth_service_email.svg
[debug] [2024-09-08T00:45:57.980Z] [unzip] Entry: client/assets/provider-icons/auth_service_google.svg (compressed_size=409 bytes, uncompressed_size=720 bytes)
[debug] [2024-09-08T00:45:57.980Z] [unzip] Processing entry: client\assets\provider-icons\auth_service_google.svg
[debug] [2024-09-08T00:45:57.980Z] [unzip] else mkdir: C:\Users\Connection\.cache\firebase\emulators\ui-v1.13.0\client\assets\provider-icons
[debug] [2024-09-08T00:45:57.980Z] [unzip] deflating: C:\Users\Connection\.cache\firebase\emulators\ui-v1.13.0\client\assets\provider-icons\auth_service_google.svg
[debug] [2024-09-08T00:45:57.982Z] [unzip] Entry: client/assets/provider-icons/auth_service_oidc.svg (compressed_size=414 bytes, uncompressed_size=858 bytes)
[debug] [2024-09-08T00:45:57.982Z] [unzip] Processing entry: client\assets\provider-icons\auth_service_oidc.svg
[debug] [2024-09-08T00:45:57.982Z] [unzip] else mkdir: C:\Users\Connection\.cache\firebase\emulators\ui-v1.13.0\client\assets\provider-icons
[debug] [2024-09-08T00:45:57.983Z] [unzip] deflating: C:\Users\Connection\.cache\firebase\emulators\ui-v1.13.0\client\assets\provider-icons\auth_service_oidc.svg
[debug] [2024-09-08T00:45:57.984Z] [unzip] Entry: client/browserconfig.xml (compressed_size=491 bytes, uncompressed_size=822 bytes)
[debug] [2024-09-08T00:45:57.984Z] [unzip] Processing entry: client\browserconfig.xml
[debug] [2024-09-08T00:45:57.984Z] [unzip] else mkdir: C:\Users\Connection\.cache\firebase\emulators\ui-v1.13.0\client
[debug] [2024-09-08T00:45:57.984Z] [unzip] deflating: C:\Users\Connection\.cache\firebase\emulators\ui-v1.13.0\client\browserconfig.xml
[debug] [2024-09-08T00:45:57.985Z] [unzip] Entry: client/favicon-32x32.png (compressed_size=475 bytes, uncompressed_size=475 bytes)
[debug] [2024-09-08T00:45:57.986Z] [unzip] Processing entry: client\favicon-32x32.png
[debug] [2024-09-08T00:45:57.986Z] [unzip] else mkdir: C:\Users\Connection\.cache\firebase\emulators\ui-v1.13.0\client
[debug] [2024-09-08T00:45:57.986Z] [unzip] Writing file: C:\Users\Connection\.cache\firebase\emulators\ui-v1.13.0\client\favicon-32x32.png
[debug] [2024-09-08T00:45:57.987Z] [unzip] Entry: server/ (compressed_size=0 bytes, uncompressed_size=0 bytes)
[debug] [2024-09-08T00:45:57.987Z] [unzip] Processing entry: server\
[debug] [2024-09-08T00:45:57.987Z] [unzip] mkdir: C:\Users\Connection\.cache\firebase\emulators\ui-v1.13.0\server\
[debug] [2024-09-08T00:45:57.987Z] [unzip] Entry: server/server.mjs.map (compressed_size=294629 bytes, uncompressed_size=1346672 bytes)
[debug] [2024-09-08T00:45:57.988Z] [unzip] Processing entry: server\server.mjs.map
[debug] [2024-09-08T00:45:57.988Z] [unzip] else mkdir: C:\Users\Connection\.cache\firebase\emulators\ui-v1.13.0\server
[debug] [2024-09-08T00:45:57.988Z] [unzip] deflating: C:\Users\Connection\.cache\firebase\emulators\ui-v1.13.0\server\server.mjs.map
[debug] [2024-09-08T00:45:57.996Z] [unzip] Entry: server/server.mjs (compressed_size=314679 bytes, uncompressed_size=1167517 bytes)
[debug] [2024-09-08T00:45:57.996Z] [unzip] Processing entry: server\server.mjs
[debug] [2024-09-08T00:45:57.996Z] [unzip] else mkdir: C:\Users\Connection\.cache\firebase\emulators\ui-v1.13.0\server
[debug] [2024-09-08T00:45:57.997Z] [unzip] deflating: C:\Users\Connection\.cache\firebase\emulators\ui-v1.13.0\server\server.mjs
[debug] [2024-09-08T00:45:58.008Z] [unzip] Entry: server/assets/ (compressed_size=0 bytes, uncompressed_size=0 bytes)
[debug] [2024-09-08T00:45:58.008Z] [unzip] Processing entry: server\assets\
[debug] [2024-09-08T00:45:58.008Z] [unzip] mkdir: C:\Users\Connection\.cache\firebase\emulators\ui-v1.13.0\server\assets\
[debug] [2024-09-08T00:45:58.009Z] [unzip] Entry: server/assets/multipart-parser-DGCUZdXu.mjs.map (compressed_size=4791 bytes, uncompressed_size=17918 bytes)
[debug] [2024-09-08T00:45:58.009Z] [unzip] Processing entry: server\assets\multipart-parser-DGCUZdXu.mjs.map
[debug] [2024-09-08T00:45:58.009Z] [unzip] else mkdir: C:\Users\Connection\.cache\firebase\emulators\ui-v1.13.0\server\assets
[debug] [2024-09-08T00:45:58.009Z] [unzip] deflating: C:\Users\Connection\.cache\firebase\emulators\ui-v1.13.0\server\assets\multipart-parser-DGCUZdXu.mjs.map
[debug] [2024-09-08T00:45:58.010Z] [unzip] Entry: server/assets/multipart-parser-DGCUZdXu.mjs (compressed_size=2621 bytes, uncompressed_size=10390 bytes)
[debug] [2024-09-08T00:45:58.010Z] [unzip] Processing entry: server\assets\multipart-parser-DGCUZdXu.mjs
[debug] [2024-09-08T00:45:58.010Z] [unzip] else mkdir: C:\Users\Connection\.cache\firebase\emulators\ui-v1.13.0\server\assets
[debug] [2024-09-08T00:45:58.011Z] [unzip] deflating: C:\Users\Connection\.cache\firebase\emulators\ui-v1.13.0\server\assets\multipart-parser-DGCUZdXu.mjs
[debug] [2024-09-08T00:45:58.013Z] Ignoring unsupported arg: auto_download {"metadata":{"emulator":{"name":"ui"},"message":"Ignoring unsupported arg: auto_download"}}
[debug] [2024-09-08T00:45:58.013Z] Ignoring unsupported arg: port {"metadata":{"emulator":{"name":"ui"},"message":"Ignoring unsupported arg: port"}}
[debug] [2024-09-08T00:45:58.013Z] Starting Emulator UI with command {"binary":"node","args":["C:\\Users\\Connection\\.cache\\firebase\\emulators\\ui-v1.13.0\\server\\server.mjs"],"optionalArgs":[],"joinArgs":false,"shell":false} {"metadata":{"emulator":{"name":"ui"},"message":"Starting Emulator UI with command {\"binary\":\"node\",\"args\":[\"C:\\\\Users\\\\Connection\\\\.cache\\\\firebase\\\\emulators\\\\ui-v1.13.0\\\\server\\\\server.mjs\"],\"optionalArgs\":[],\"joinArgs\":false,\"shell\":false}"}}
[info] i  ui: Emulator UI logging to ui-debug.log {"metadata":{"emulator":{"name":"ui"},"message":"Emulator UI logging to \u001b[1mui-debug.log\u001b[22m"}}
[debug] [2024-09-08T00:45:58.178Z] Web / API server started at 127.0.0.1:4000
 {"metadata":{"emulator":{"name":"ui"},"message":"Web / API server started at 127.0.0.1:4000\n"}}
[debug] [2024-09-08T00:45:58.179Z] Web / API server started at ::1:4000
 {"metadata":{"emulator":{"name":"ui"},"message":"Web / API server started at ::1:4000\n"}}
[info] i  functions: Watching "C:\Users\Connection\votasnap\functions" for Cloud Functions... {"metadata":{"emulator":{"name":"functions"},"message":"Watching \"C:\\Users\\Connection\\votasnap\\functions\" for Cloud Functions..."}}
[debug] [2024-09-08T00:45:58.273Z] Validating nodejs source
[debug] [2024-09-08T00:46:00.677Z] > [functions] package.json contents: {
  "name": "functions",
  "description": "Cloud Functions for Firebase",
  "scripts": {
    "serve": "firebase emulators:start --only functions",
    "shell": "firebase functions:shell",
    "start": "npm run shell",
    "deploy": "firebase deploy --only functions",
    "logs": "firebase functions:log"
  },
  "engines": {
    "node": "18"
  },
  "main": "index.js",
  "dependencies": {
    "firebase-admin": "^12.1.0",
    "firebase-functions": "^5.0.0"
  },
  "devDependencies": {
    "firebase-functions-test": "^3.1.0"
  },
  "private": true
}
[debug] [2024-09-08T00:46:00.678Z] Building nodejs source
[debug] [2024-09-08T00:46:00.678Z] Failed to find version of module node: reached end of search path C:\Users\Connection\votasnap\functions\node_modules
[warn] !  functions: Your requested "node" version "18" doesn't match your global version "20". Using node@20 from host. 
[debug] [2024-09-08T00:46:00.683Z] Could not find functions.yaml. Must use http discovery
[debug] [2024-09-08T00:46:00.694Z] Found firebase-functions binary at 'C:\Users\Connection\votasnap\functions\node_modules\.bin\firebase-functions'
[info] Serving at port 8543

[debug] [2024-09-08T00:46:01.979Z] Got response from /__/functions.yaml {"endpoints":{"sendSMSOnNewCotacao":{"platform":"gcfv1","availableMemoryMb":null,"timeoutSeconds":null,"minInstances":null,"maxInstances":null,"ingressSettings":null,"serviceAccountEmail":null,"vpc":null,"eventTrigger":{"eventType":"providers/google.firebase.database/eventTypes/ref.create","eventFilters":{"resource":"projects/_/instances/connectiopos-default-rtdb/refs/cotacoes/{cotacaoId}"},"retry":false},"labels":{},"entryPoint":"sendSMSOnNewCotacao"}},"specVersion":"v1alpha1","requiredAPIs":[],"extensions":{}}
[info] +  functions: Loaded functions definitions from source: sendSMSOnNewCotacao. {"metadata":{"emulator":{"name":"functions"},"message":"Loaded functions definitions from source: sendSMSOnNewCotacao."}}
[info] i  functions[us-central1-sendSMSOnNewCotacao]: function ignored because the database emulator does not exist or is not running. {"metadata":{"emulator":{"name":"functions"},"message":"function ignored because the database emulator does not exist or is not running."}}
[info] 
┌─────────────────────────────────────────────────────────────┐
│ ✔  All emulators ready! It is now safe to connect your app. │
│ i  View Emulator UI at http://127.0.0.1:4000/               │
└─────────────────────────────────────────────────────────────┘

┌───────────┬────────────────┬─────────────────────────────────┐
│ Emulator  │ Host:Port      │ View in Emulator UI             │
├───────────┼────────────────┼─────────────────────────────────┤
│ Functions │ 127.0.0.1:5001 │ http://127.0.0.1:4000/functions │
└───────────┴────────────────┴─────────────────────────────────┘
  Emulator Hub running at 127.0.0.1:4400
  Other reserved ports: 4500

Issues? Report them at https://github.com/firebase/firebase-tools/issues and attach the *-debug.log files.
 
[debug] [2024-09-08T01:01:30.313Z] File C:\Users\Connection\votasnap\functions\test.js changed, reloading triggers {"metadata":{"emulator":{"name":"functions"},"message":"File C:\\Users\\Connection\\votasnap\\functions\\test.js changed, reloading triggers"}}
[debug] [2024-09-08T01:01:30.355Z] File C:\Users\Connection\votasnap\functions\test.js changed, reloading triggers {"metadata":{"emulator":{"name":"functions"},"message":"File C:\\Users\\Connection\\votasnap\\functions\\test.js changed, reloading triggers"}}
[debug] [2024-09-08T01:01:31.399Z] Validating nodejs source
[debug] [2024-09-08T01:01:34.169Z] > [functions] package.json contents: {
  "name": "functions",
  "description": "Cloud Functions for Firebase",
  "scripts": {
    "serve": "firebase emulators:start --only functions",
    "shell": "firebase functions:shell",
    "start": "npm run shell",
    "deploy": "firebase deploy --only functions",
    "logs": "firebase functions:log"
  },
  "engines": {
    "node": "18"
  },
  "main": "index.js",
  "dependencies": {
    "firebase-admin": "^12.1.0",
    "firebase-functions": "^5.0.0"
  },
  "devDependencies": {
    "firebase-functions-test": "^3.1.0"
  },
  "private": true
}
[debug] [2024-09-08T01:01:34.170Z] Building nodejs source
[debug] [2024-09-08T01:01:34.170Z] Failed to find version of module node: reached end of search path C:\Users\Connection\votasnap\functions\node_modules
[warn] !  functions: Your requested "node" version "18" doesn't match your global version "20". Using node@20 from host. 
[debug] [2024-09-08T01:01:34.186Z] Could not find functions.yaml. Must use http discovery
[debug] [2024-09-08T01:01:34.204Z] Found firebase-functions binary at 'C:\Users\Connection\votasnap\functions\node_modules\.bin\firebase-functions'
[info] Serving at port 8660

[debug] [2024-09-08T01:01:36.170Z] Got response from /__/functions.yaml {"endpoints":{"sendSMSOnNewCotacao":{"platform":"gcfv1","availableMemoryMb":null,"timeoutSeconds":null,"minInstances":null,"maxInstances":null,"ingressSettings":null,"serviceAccountEmail":null,"vpc":null,"eventTrigger":{"eventType":"providers/google.firebase.database/eventTypes/ref.create","eventFilters":{"resource":"projects/_/instances/connectiopos-default-rtdb/refs/cotacoes/{cotacaoId}"},"retry":false},"labels":{},"entryPoint":"sendSMSOnNewCotacao"}},"specVersion":"v1alpha1","requiredAPIs":[],"extensions":{}}
[info] +  functions: Loaded functions definitions from source: sendSMSOnNewCotacao. {"metadata":{"emulator":{"name":"functions"},"message":"Loaded functions definitions from source: sendSMSOnNewCotacao."}}
[debug] [2024-09-08T01:02:14.386Z] File C:\Users\Connection\votasnap\functions\test.js changed, reloading triggers {"metadata":{"emulator":{"name":"functions"},"message":"File C:\\Users\\Connection\\votasnap\\functions\\test.js changed, reloading triggers"}}
[debug] [2024-09-08T01:02:15.410Z] Validating nodejs source
[debug] [2024-09-08T01:02:18.331Z] > [functions] package.json contents: {
  "name": "functions",
  "description": "Cloud Functions for Firebase",
  "scripts": {
    "serve": "firebase emulators:start --only functions",
    "shell": "firebase functions:shell",
    "start": "npm run shell",
    "deploy": "firebase deploy --only functions",
    "logs": "firebase functions:log"
  },
  "engines": {
    "node": "18"
  },
  "main": "index.js",
  "dependencies": {
    "firebase-admin": "^12.1.0",
    "firebase-functions": "^5.0.0"
  },
  "devDependencies": {
    "firebase-functions-test": "^3.1.0"
  },
  "private": true
}
[debug] [2024-09-08T01:02:18.332Z] Building nodejs source
[debug] [2024-09-08T01:02:18.332Z] Failed to find version of module node: reached end of search path C:\Users\Connection\votasnap\functions\node_modules
[warn] !  functions: Your requested "node" version "18" doesn't match your global version "20". Using node@20 from host. 
[debug] [2024-09-08T01:02:18.338Z] Could not find functions.yaml. Must use http discovery
[debug] [2024-09-08T01:02:18.348Z] Found firebase-functions binary at 'C:\Users\Connection\votasnap\functions\node_modules\.bin\firebase-functions'
[info] Serving at port 8396

[debug] [2024-09-08T01:02:19.751Z] Got response from /__/functions.yaml {"endpoints":{"sendSMSOnNewCotacao":{"platform":"gcfv1","availableMemoryMb":null,"timeoutSeconds":null,"minInstances":null,"maxInstances":null,"ingressSettings":null,"serviceAccountEmail":null,"vpc":null,"eventTrigger":{"eventType":"providers/google.firebase.database/eventTypes/ref.create","eventFilters":{"resource":"projects/_/instances/connectiopos-default-rtdb/refs/cotacoes/{cotacaoId}"},"retry":false},"labels":{},"entryPoint":"sendSMSOnNewCotacao"}},"specVersion":"v1alpha1","requiredAPIs":[],"extensions":{}}
[info] +  functions: Loaded functions definitions from source: sendSMSOnNewCotacao. {"metadata":{"emulator":{"name":"functions"},"message":"Loaded functions definitions from source: sendSMSOnNewCotacao."}}
[debug] [2024-09-08T01:04:43.272Z] File C:\Users\Connection\votasnap\functions\test.js changed, reloading triggers {"metadata":{"emulator":{"name":"functions"},"message":"File C:\\Users\\Connection\\votasnap\\functions\\test.js changed, reloading triggers"}}
[debug] [2024-09-08T01:04:44.298Z] Validating nodejs source
[debug] [2024-09-08T01:04:47.060Z] > [functions] package.json contents: {
  "name": "functions",
  "description": "Cloud Functions for Firebase",
  "scripts": {
    "serve": "firebase emulators:start --only functions",
    "shell": "firebase functions:shell",
    "start": "npm run shell",
    "deploy": "firebase deploy --only functions",
    "logs": "firebase functions:log"
  },
  "engines": {
    "node": "18"
  },
  "main": "index.js",
  "dependencies": {
    "firebase-admin": "^12.1.0",
    "firebase-functions": "^5.0.0"
  },
  "devDependencies": {
    "firebase-functions-test": "^3.1.0"
  },
  "private": true
}
[debug] [2024-09-08T01:04:47.061Z] Building nodejs source
[debug] [2024-09-08T01:04:47.061Z] Failed to find version of module node: reached end of search path C:\Users\Connection\votasnap\functions\node_modules
[warn] !  functions: Your requested "node" version "18" doesn't match your global version "20". Using node@20 from host. 
[debug] [2024-09-08T01:04:47.079Z] Could not find functions.yaml. Must use http discovery
[debug] [2024-09-08T01:04:47.094Z] Found firebase-functions binary at 'C:\Users\Connection\votasnap\functions\node_modules\.bin\firebase-functions'
[info] Serving at port 8123

[debug] [2024-09-08T01:04:51.525Z] Got response from /__/functions.yaml {"endpoints":{"sendSMSOnNewCotacao":{"platform":"gcfv1","availableMemoryMb":null,"timeoutSeconds":null,"minInstances":null,"maxInstances":null,"ingressSettings":null,"serviceAccountEmail":null,"vpc":null,"eventTrigger":{"eventType":"providers/google.firebase.database/eventTypes/ref.create","eventFilters":{"resource":"projects/_/instances/connectiopos-default-rtdb/refs/cotacoes/{cotacaoId}"},"retry":false},"labels":{},"entryPoint":"sendSMSOnNewCotacao"}},"specVersion":"v1alpha1","requiredAPIs":[],"extensions":{}}
[info] +  functions: Loaded functions definitions from source: sendSMSOnNewCotacao. {"metadata":{"emulator":{"name":"functions"},"message":"Loaded functions definitions from source: sendSMSOnNewCotacao."}}
[debug] [2024-09-08T01:05:37.657Z] File C:\Users\Connection\votasnap\functions\test.js changed, reloading triggers {"metadata":{"emulator":{"name":"functions"},"message":"File C:\\Users\\Connection\\votasnap\\functions\\test.js changed, reloading triggers"}}
[debug] [2024-09-08T01:05:38.730Z] Validating nodejs source
[debug] [2024-09-08T01:05:41.446Z] > [functions] package.json contents: {
  "name": "functions",
  "description": "Cloud Functions for Firebase",
  "scripts": {
    "serve": "firebase emulators:start --only functions",
    "shell": "firebase functions:shell",
    "start": "npm run shell",
    "deploy": "firebase deploy --only functions",
    "logs": "firebase functions:log"
  },
  "engines": {
    "node": "18"
  },
  "main": "index.js",
  "dependencies": {
    "firebase-admin": "^12.1.0",
    "firebase-functions": "^5.0.0"
  },
  "devDependencies": {
    "firebase-functions-test": "^3.1.0"
  },
  "private": true
}
[debug] [2024-09-08T01:05:41.446Z] Building nodejs source
[debug] [2024-09-08T01:05:41.446Z] Failed to find version of module node: reached end of search path C:\Users\Connection\votasnap\functions\node_modules
[warn] !  functions: Your requested "node" version "18" doesn't match your global version "20". Using node@20 from host. 
[debug] [2024-09-08T01:05:41.452Z] Could not find functions.yaml. Must use http discovery
[debug] [2024-09-08T01:05:41.463Z] Found firebase-functions binary at 'C:\Users\Connection\votasnap\functions\node_modules\.bin\firebase-functions'
[info] Serving at port 8006

[debug] [2024-09-08T01:05:42.792Z] Got response from /__/functions.yaml {"endpoints":{"sendSMSOnNewCotacao":{"platform":"gcfv1","availableMemoryMb":null,"timeoutSeconds":null,"minInstances":null,"maxInstances":null,"ingressSettings":null,"serviceAccountEmail":null,"vpc":null,"eventTrigger":{"eventType":"providers/google.firebase.database/eventTypes/ref.create","eventFilters":{"resource":"projects/_/instances/connectiopos-default-rtdb/refs/cotacoes/{cotacaoId}"},"retry":false},"labels":{},"entryPoint":"sendSMSOnNewCotacao"}},"specVersion":"v1alpha1","requiredAPIs":[],"extensions":{}}
[info] +  functions: Loaded functions definitions from source: sendSMSOnNewCotacao. {"metadata":{"emulator":{"name":"functions"},"message":"Loaded functions definitions from source: sendSMSOnNewCotacao."}}
[debug] [2024-09-08T01:07:44.195Z] File C:\Users\Connection\votasnap\functions\test.js changed, reloading triggers {"metadata":{"emulator":{"name":"functions"},"message":"File C:\\Users\\Connection\\votasnap\\functions\\test.js changed, reloading triggers"}}
[debug] [2024-09-08T01:07:45.229Z] Validating nodejs source
[debug] [2024-09-08T01:07:49.664Z] > [functions] package.json contents: {
  "name": "functions",
  "description": "Cloud Functions for Firebase",
  "scripts": {
    "serve": "firebase emulators:start --only functions",
    "shell": "firebase functions:shell",
    "start": "npm run shell",
    "deploy": "firebase deploy --only functions",
    "logs": "firebase functions:log"
  },
  "engines": {
    "node": "18"
  },
  "main": "index.js",
  "dependencies": {
    "firebase-admin": "^12.1.0",
    "firebase-functions": "^5.0.0"
  },
  "devDependencies": {
    "firebase-functions-test": "^3.1.0"
  },
  "private": true
}
[debug] [2024-09-08T01:07:49.665Z] Building nodejs source
[debug] [2024-09-08T01:07:49.665Z] Failed to find version of module node: reached end of search path C:\Users\Connection\votasnap\functions\node_modules
[warn] !  functions: Your requested "node" version "18" doesn't match your global version "20". Using node@20 from host. 
[debug] [2024-09-08T01:07:49.674Z] Could not find functions.yaml. Must use http discovery
[debug] [2024-09-08T01:07:49.689Z] Found firebase-functions binary at 'C:\Users\Connection\votasnap\functions\node_modules\.bin\firebase-functions'
[info] Serving at port 8773

[debug] [2024-09-08T01:07:51.054Z] Got response from /__/functions.yaml {"endpoints":{"sendSMSOnNewCotacao":{"platform":"gcfv1","availableMemoryMb":null,"timeoutSeconds":null,"minInstances":null,"maxInstances":null,"ingressSettings":null,"serviceAccountEmail":null,"vpc":null,"eventTrigger":{"eventType":"providers/google.firebase.database/eventTypes/ref.create","eventFilters":{"resource":"projects/_/instances/connectiopos-default-rtdb/refs/cotacoes/{cotacaoId}"},"retry":false},"labels":{},"entryPoint":"sendSMSOnNewCotacao"}},"specVersion":"v1alpha1","requiredAPIs":[],"extensions":{}}
[info] +  functions: Loaded functions definitions from source: sendSMSOnNewCotacao. {"metadata":{"emulator":{"name":"functions"},"message":"Loaded functions definitions from source: sendSMSOnNewCotacao."}}
[debug] [2024-09-08T01:10:44.572Z] File C:\Users\Connection\votasnap\functions\test.js changed, reloading triggers {"metadata":{"emulator":{"name":"functions"},"message":"File C:\\Users\\Connection\\votasnap\\functions\\test.js changed, reloading triggers"}}
[debug] [2024-09-08T01:10:45.590Z] Validating nodejs source
[debug] [2024-09-08T01:10:48.836Z] > [functions] package.json contents: {
  "name": "functions",
  "description": "Cloud Functions for Firebase",
  "scripts": {
    "serve": "firebase emulators:start --only functions",
    "shell": "firebase functions:shell",
    "start": "npm run shell",
    "deploy": "firebase deploy --only functions",
    "logs": "firebase functions:log"
  },
  "engines": {
    "node": "18"
  },
  "main": "index.js",
  "dependencies": {
    "firebase-admin": "^12.1.0",
    "firebase-functions": "^5.0.0"
  },
  "devDependencies": {
    "firebase-functions-test": "^3.1.0"
  },
  "private": true
}
[debug] [2024-09-08T01:10:48.837Z] Building nodejs source
[debug] [2024-09-08T01:10:48.838Z] Failed to find version of module node: reached end of search path C:\Users\Connection\votasnap\functions\node_modules
[warn] !  functions: Your requested "node" version "18" doesn't match your global version "20". Using node@20 from host. 
[debug] [2024-09-08T01:10:48.855Z] Could not find functions.yaml. Must use http discovery
[debug] [2024-09-08T01:10:48.866Z] Found firebase-functions binary at 'C:\Users\Connection\votasnap\functions\node_modules\.bin\firebase-functions'
[info] Serving at port 8640

[debug] [2024-09-08T01:10:51.109Z] Got response from /__/functions.yaml {"endpoints":{"sendSMSOnNewCotacao":{"platform":"gcfv1","availableMemoryMb":null,"timeoutSeconds":null,"minInstances":null,"maxInstances":null,"ingressSettings":null,"serviceAccountEmail":null,"vpc":null,"eventTrigger":{"eventType":"providers/google.firebase.database/eventTypes/ref.create","eventFilters":{"resource":"projects/_/instances/connectiopos-default-rtdb/refs/cotacoes/{cotacaoId}"},"retry":false},"labels":{},"entryPoint":"sendSMSOnNewCotacao"}},"specVersion":"v1alpha1","requiredAPIs":[],"extensions":{}}
[info] +  functions: Loaded functions definitions from source: sendSMSOnNewCotacao. {"metadata":{"emulator":{"name":"functions"},"message":"Loaded functions definitions from source: sendSMSOnNewCotacao."}}
[debug] [2024-09-08T01:28:50.090Z] File C:\Users\Connection\votasnap\functions\test.js changed, reloading triggers {"metadata":{"emulator":{"name":"functions"},"message":"File C:\\Users\\Connection\\votasnap\\functions\\test.js changed, reloading triggers"}}
[debug] [2024-09-08T01:28:50.136Z] File C:\Users\Connection\votasnap\functions\test.js changed, reloading triggers {"metadata":{"emulator":{"name":"functions"},"message":"File C:\\Users\\Connection\\votasnap\\functions\\test.js changed, reloading triggers"}}
[debug] [2024-09-08T01:28:51.189Z] Validating nodejs source
[debug] [2024-09-08T01:28:54.060Z] > [functions] package.json contents: {
  "name": "functions",
  "description": "Cloud Functions for Firebase",
  "scripts": {
    "serve": "firebase emulators:start --only functions",
    "shell": "firebase functions:shell",
    "start": "npm run shell",
    "deploy": "firebase deploy --only functions",
    "logs": "firebase functions:log"
  },
  "engines": {
    "node": "18"
  },
  "main": "index.js",
  "dependencies": {
    "firebase-admin": "^12.1.0",
    "firebase-functions": "^5.0.0"
  },
  "devDependencies": {
    "firebase-functions-test": "^3.1.0"
  },
  "private": true
}
[debug] [2024-09-08T01:28:54.061Z] Building nodejs source
[debug] [2024-09-08T01:28:54.062Z] Failed to find version of module node: reached end of search path C:\Users\Connection\votasnap\functions\node_modules
[warn] !  functions: Your requested "node" version "18" doesn't match your global version "20". Using node@20 from host. 
[debug] [2024-09-08T01:28:54.099Z] Could not find functions.yaml. Must use http discovery
[debug] [2024-09-08T01:28:54.115Z] Found firebase-functions binary at 'C:\Users\Connection\votasnap\functions\node_modules\.bin\firebase-functions'
[info] Serving at port 8974

[debug] [2024-09-08T01:28:55.507Z] Got response from /__/functions.yaml {"endpoints":{"sendSMSOnNewCotacao":{"platform":"gcfv1","availableMemoryMb":null,"timeoutSeconds":null,"minInstances":null,"maxInstances":null,"ingressSettings":null,"serviceAccountEmail":null,"vpc":null,"eventTrigger":{"eventType":"providers/google.firebase.database/eventTypes/ref.create","eventFilters":{"resource":"projects/_/instances/connectiopos-default-rtdb/refs/cotacoes/{cotacaoId}"},"retry":false},"labels":{},"entryPoint":"sendSMSOnNewCotacao"}},"specVersion":"v1alpha1","requiredAPIs":[],"extensions":{}}
[info] +  functions: Loaded functions definitions from source: sendSMSOnNewCotacao. {"metadata":{"emulator":{"name":"functions"},"message":"Loaded functions definitions from source: sendSMSOnNewCotacao."}}
[debug] [2024-09-08T01:29:26.631Z] File C:\Users\Connection\votasnap\functions\test.js changed, reloading triggers {"metadata":{"emulator":{"name":"functions"},"message":"File C:\\Users\\Connection\\votasnap\\functions\\test.js changed, reloading triggers"}}
[debug] [2024-09-08T01:29:27.645Z] Validating nodejs source
[debug] [2024-09-08T01:29:31.672Z] > [functions] package.json contents: {
  "name": "functions",
  "description": "Cloud Functions for Firebase",
  "scripts": {
    "serve": "firebase emulators:start --only functions",
    "shell": "firebase functions:shell",
    "start": "npm run shell",
    "deploy": "firebase deploy --only functions",
    "logs": "firebase functions:log"
  },
  "engines": {
    "node": "18"
  },
  "main": "index.js",
  "dependencies": {
    "firebase-admin": "^12.1.0",
    "firebase-functions": "^5.0.0"
  },
  "devDependencies": {
    "firebase-functions-test": "^3.1.0"
  },
  "private": true
}
[debug] [2024-09-08T01:29:31.672Z] Building nodejs source
[debug] [2024-09-08T01:29:31.673Z] Failed to find version of module node: reached end of search path C:\Users\Connection\votasnap\functions\node_modules
[warn] !  functions: Your requested "node" version "18" doesn't match your global version "20". Using node@20 from host. 
[debug] [2024-09-08T01:29:31.679Z] Could not find functions.yaml. Must use http discovery
[debug] [2024-09-08T01:29:31.692Z] Found firebase-functions binary at 'C:\Users\Connection\votasnap\functions\node_modules\.bin\firebase-functions'
[info] Serving at port 8457

[debug] [2024-09-08T01:29:33.091Z] Got response from /__/functions.yaml {"endpoints":{"sendSMSOnNewCotacao":{"platform":"gcfv1","availableMemoryMb":null,"timeoutSeconds":null,"minInstances":null,"maxInstances":null,"ingressSettings":null,"serviceAccountEmail":null,"vpc":null,"eventTrigger":{"eventType":"providers/google.firebase.database/eventTypes/ref.create","eventFilters":{"resource":"projects/_/instances/connectiopos-default-rtdb/refs/cotacoes/{cotacaoId}"},"retry":false},"labels":{},"entryPoint":"sendSMSOnNewCotacao"}},"specVersion":"v1alpha1","requiredAPIs":[],"extensions":{}}
[info] +  functions: Loaded functions definitions from source: sendSMSOnNewCotacao. {"metadata":{"emulator":{"name":"functions"},"message":"Loaded functions definitions from source: sendSMSOnNewCotacao."}}
[debug] [2024-09-08T01:29:58.769Z] File C:\Users\Connection\votasnap\functions\test.js changed, reloading triggers {"metadata":{"emulator":{"name":"functions"},"message":"File C:\\Users\\Connection\\votasnap\\functions\\test.js changed, reloading triggers"}}
[debug] [2024-09-08T01:29:59.720Z] File C:\Users\Connection\votasnap\functions\test.js changed, reloading triggers {"metadata":{"emulator":{"name":"functions"},"message":"File C:\\Users\\Connection\\votasnap\\functions\\test.js changed, reloading triggers"}}
[debug] [2024-09-08T01:30:00.738Z] Validating nodejs source
[debug] [2024-09-08T01:30:03.077Z] > [functions] package.json contents: {
  "name": "functions",
  "description": "Cloud Functions for Firebase",
  "scripts": {
    "serve": "firebase emulators:start --only functions",
    "shell": "firebase functions:shell",
    "start": "npm run shell",
    "deploy": "firebase deploy --only functions",
    "logs": "firebase functions:log"
  },
  "engines": {
    "node": "18"
  },
  "main": "index.js",
  "dependencies": {
    "firebase-admin": "^12.1.0",
    "firebase-functions": "^5.0.0"
  },
  "devDependencies": {
    "firebase-functions-test": "^3.1.0"
  },
  "private": true
}
[debug] [2024-09-08T01:30:03.078Z] Building nodejs source
[debug] [2024-09-08T01:30:03.078Z] Failed to find version of module node: reached end of search path C:\Users\Connection\votasnap\functions\node_modules
[warn] !  functions: Your requested "node" version "18" doesn't match your global version "20". Using node@20 from host. 
[debug] [2024-09-08T01:30:03.082Z] Could not find functions.yaml. Must use http discovery
[debug] [2024-09-08T01:30:03.090Z] Found firebase-functions binary at 'C:\Users\Connection\votasnap\functions\node_modules\.bin\firebase-functions'
[info] Serving at port 8440

[debug] [2024-09-08T01:30:04.059Z] Got response from /__/functions.yaml {"endpoints":{"sendSMSOnNewCotacao":{"platform":"gcfv1","availableMemoryMb":null,"timeoutSeconds":null,"minInstances":null,"maxInstances":null,"ingressSettings":null,"serviceAccountEmail":null,"vpc":null,"eventTrigger":{"eventType":"providers/google.firebase.database/eventTypes/ref.create","eventFilters":{"resource":"projects/_/instances/connectiopos-default-rtdb/refs/cotacoes/{cotacaoId}"},"retry":false},"labels":{},"entryPoint":"sendSMSOnNewCotacao"}},"specVersion":"v1alpha1","requiredAPIs":[],"extensions":{}}
[info] +  functions: Loaded functions definitions from source: sendSMSOnNewCotacao. {"metadata":{"emulator":{"name":"functions"},"message":"Loaded functions definitions from source: sendSMSOnNewCotacao."}}
[debug] [2024-09-08T01:42:15.394Z] ----------------------------------------------------------------------
[debug] [2024-09-08T01:42:15.402Z] Command:       C:\Program Files\nodejs\node.exe C:\Users\Connection\AppData\Roaming\npm\node_modules\firebase-tools\lib\bin\firebase.js deploy --only functions
[debug] [2024-09-08T01:42:15.402Z] CLI Version:   13.16.0
[debug] [2024-09-08T01:42:15.403Z] Platform:      win32
[debug] [2024-09-08T01:42:15.403Z] Node Version:  v20.15.1
[debug] [2024-09-08T01:42:15.403Z] Time:          Sun Sep 08 2024 02:42:15 GMT+0100 (Hora de verão Britânica)
[debug] [2024-09-08T01:42:15.403Z] ----------------------------------------------------------------------
[debug] 
[debug] [2024-09-08T01:42:15.487Z] > command requires scopes: ["email","openid","https://www.googleapis.com/auth/cloudplatformprojects.readonly","https://www.googleapis.com/auth/firebase","https://www.googleapis.com/auth/cloud-platform"]
[debug] [2024-09-08T01:42:15.487Z] > authorizing via signed-in user (mohvicente.saide@gmail.com)
[debug] [2024-09-08T01:42:15.488Z] [iam] checking project connectiopos for permissions ["cloudfunctions.functions.create","cloudfunctions.functions.delete","cloudfunctions.functions.get","cloudfunctions.functions.list","cloudfunctions.functions.update","cloudfunctions.operations.get","firebase.projects.get"]
[debug] [2024-09-08T01:42:15.489Z] > refreshing access token with scopes: []
[debug] [2024-09-08T01:42:15.491Z] >>> [apiv2][query] POST https://www.googleapis.com/oauth2/v3/token [none]
[debug] [2024-09-08T01:42:15.491Z] >>> [apiv2][body] POST https://www.googleapis.com/oauth2/v3/token [omitted]
[debug] [2024-09-08T01:42:16.468Z] <<< [apiv2][status] POST https://www.googleapis.com/oauth2/v3/token 200
[debug] [2024-09-08T01:42:16.468Z] <<< [apiv2][body] POST https://www.googleapis.com/oauth2/v3/token [omitted]
[debug] [2024-09-08T01:42:16.477Z] >>> [apiv2][query] POST https://cloudresourcemanager.googleapis.com/v1/projects/connectiopos:testIamPermissions [none]
[debug] [2024-09-08T01:42:16.477Z] >>> [apiv2][(partial)header] POST https://cloudresourcemanager.googleapis.com/v1/projects/connectiopos:testIamPermissions x-goog-quota-user=projects/connectiopos
[debug] [2024-09-08T01:42:16.477Z] >>> [apiv2][body] POST https://cloudresourcemanager.googleapis.com/v1/projects/connectiopos:testIamPermissions {"permissions":["cloudfunctions.functions.create","cloudfunctions.functions.delete","cloudfunctions.functions.get","cloudfunctions.functions.list","cloudfunctions.functions.update","cloudfunctions.operations.get","firebase.projects.get"]}
[debug] [2024-09-08T01:42:18.531Z] <<< [apiv2][status] POST https://cloudresourcemanager.googleapis.com/v1/projects/connectiopos:testIamPermissions 200
[debug] [2024-09-08T01:42:18.531Z] <<< [apiv2][body] POST https://cloudresourcemanager.googleapis.com/v1/projects/connectiopos:testIamPermissions {"permissions":["cloudfunctions.functions.create","cloudfunctions.functions.delete","cloudfunctions.functions.get","cloudfunctions.functions.list","cloudfunctions.functions.update","cloudfunctions.operations.get","firebase.projects.get"]}
[debug] [2024-09-08T01:42:18.531Z] >>> [apiv2][query] POST https://iam.googleapis.com/v1/projects/connectiopos/serviceAccounts/connectiopos@appspot.gserviceaccount.com:testIamPermissions [none]
[debug] [2024-09-08T01:42:18.531Z] >>> [apiv2][body] POST https://iam.googleapis.com/v1/projects/connectiopos/serviceAccounts/connectiopos@appspot.gserviceaccount.com:testIamPermissions {"permissions":["iam.serviceAccounts.actAs"]}
[debug] [2024-09-08T01:42:20.596Z] <<< [apiv2][status] POST https://iam.googleapis.com/v1/projects/connectiopos/serviceAccounts/connectiopos@appspot.gserviceaccount.com:testIamPermissions 200
[debug] [2024-09-08T01:42:20.596Z] <<< [apiv2][body] POST https://iam.googleapis.com/v1/projects/connectiopos/serviceAccounts/connectiopos@appspot.gserviceaccount.com:testIamPermissions {"permissions":["iam.serviceAccounts.actAs"]}
[info] 
[info] === Deploying to 'connectiopos'...
[info] 
[info] i  deploying functions 
[debug] [2024-09-08T01:42:20.602Z] >>> [apiv2][query] GET https://firebase.googleapis.com/v1beta1/projects/connectiopos [none]
[debug] [2024-09-08T01:42:21.581Z] <<< [apiv2][status] GET https://firebase.googleapis.com/v1beta1/projects/connectiopos 200
[debug] [2024-09-08T01:42:21.581Z] <<< [apiv2][body] GET https://firebase.googleapis.com/v1beta1/projects/connectiopos {"projectId":"connectiopos","projectNumber":"1083339114910","displayName":"connectiopos","name":"projects/connectiopos","resources":{"hostingSite":"connectiopos","realtimeDatabaseInstance":"connectiopos-default-rtdb","storageBucket":"connectiopos.appspot.com","locationId":"us-central"},"state":"ACTIVE","etag":"1_1f34600f-7a14-4893-bcb0-3fc66c5ad50a"}
[info] i  functions: preparing codebase default for deployment 
[info] i  functions: ensuring required API cloudfunctions.googleapis.com is enabled... 
[info] i  functions: ensuring required API cloudbuild.googleapis.com is enabled... 
[info] i  artifactregistry: ensuring required API artifactregistry.googleapis.com is enabled... 
[debug] [2024-09-08T01:42:21.584Z] >>> [apiv2][query] GET https://serviceusage.googleapis.com/v1/projects/connectiopos/services/cloudfunctions.googleapis.com [none]
[debug] [2024-09-08T01:42:21.584Z] >>> [apiv2][(partial)header] GET https://serviceusage.googleapis.com/v1/projects/connectiopos/services/cloudfunctions.googleapis.com x-goog-quota-user=projects/connectiopos
[debug] [2024-09-08T01:42:21.586Z] >>> [apiv2][query] GET https://serviceusage.googleapis.com/v1/projects/connectiopos/services/runtimeconfig.googleapis.com [none]
[debug] [2024-09-08T01:42:21.586Z] >>> [apiv2][(partial)header] GET https://serviceusage.googleapis.com/v1/projects/connectiopos/services/runtimeconfig.googleapis.com x-goog-quota-user=projects/connectiopos
[debug] [2024-09-08T01:42:21.587Z] >>> [apiv2][query] GET https://serviceusage.googleapis.com/v1/projects/connectiopos/services/cloudbuild.googleapis.com [none]
[debug] [2024-09-08T01:42:21.587Z] >>> [apiv2][(partial)header] GET https://serviceusage.googleapis.com/v1/projects/connectiopos/services/cloudbuild.googleapis.com x-goog-quota-user=projects/connectiopos
[debug] [2024-09-08T01:42:21.588Z] >>> [apiv2][query] GET https://serviceusage.googleapis.com/v1/projects/connectiopos/services/artifactregistry.googleapis.com [none]
[debug] [2024-09-08T01:42:21.588Z] >>> [apiv2][(partial)header] GET https://serviceusage.googleapis.com/v1/projects/connectiopos/services/artifactregistry.googleapis.com x-goog-quota-user=projects/connectiopos
[debug] [2024-09-08T01:42:23.845Z] <<< [apiv2][status] GET https://serviceusage.googleapis.com/v1/projects/connectiopos/services/cloudfunctions.googleapis.com 200
[debug] [2024-09-08T01:42:23.845Z] <<< [apiv2][body] GET https://serviceusage.googleapis.com/v1/projects/connectiopos/services/cloudfunctions.googleapis.com [omitted]
[info] +  functions: required API cloudfunctions.googleapis.com is enabled 
[debug] [2024-09-08T01:42:23.851Z] <<< [apiv2][status] GET https://serviceusage.googleapis.com/v1/projects/connectiopos/services/cloudbuild.googleapis.com 200
[debug] [2024-09-08T01:42:23.851Z] <<< [apiv2][body] GET https://serviceusage.googleapis.com/v1/projects/connectiopos/services/cloudbuild.googleapis.com [omitted]
[info] +  functions: required API cloudbuild.googleapis.com is enabled 
[debug] [2024-09-08T01:42:23.869Z] <<< [apiv2][status] GET https://serviceusage.googleapis.com/v1/projects/connectiopos/services/runtimeconfig.googleapis.com 200
[debug] [2024-09-08T01:42:23.869Z] <<< [apiv2][body] GET https://serviceusage.googleapis.com/v1/projects/connectiopos/services/runtimeconfig.googleapis.com [omitted]
[debug] [2024-09-08T01:42:23.888Z] <<< [apiv2][status] GET https://serviceusage.googleapis.com/v1/projects/connectiopos/services/artifactregistry.googleapis.com 200
[debug] [2024-09-08T01:42:23.888Z] <<< [apiv2][body] GET https://serviceusage.googleapis.com/v1/projects/connectiopos/services/artifactregistry.googleapis.com [omitted]
[info] +  artifactregistry: required API artifactregistry.googleapis.com is enabled 
[debug] [2024-09-08T01:42:23.889Z] >>> [apiv2][query] GET https://firebase.googleapis.com/v1beta1/projects/connectiopos/adminSdkConfig [none]
[debug] [2024-09-08T01:42:24.590Z] <<< [apiv2][status] GET https://firebase.googleapis.com/v1beta1/projects/connectiopos/adminSdkConfig 200
[debug] [2024-09-08T01:42:24.590Z] <<< [apiv2][body] GET https://firebase.googleapis.com/v1beta1/projects/connectiopos/adminSdkConfig {"projectId":"connectiopos","databaseURL":"https://connectiopos-default-rtdb.firebaseio.com","storageBucket":"connectiopos.appspot.com","locationId":"us-central"}
[debug] [2024-09-08T01:42:24.590Z] >>> [apiv2][query] GET https://runtimeconfig.googleapis.com/v1beta1/projects/connectiopos/configs [none]
[debug] [2024-09-08T01:42:25.523Z] <<< [apiv2][status] GET https://runtimeconfig.googleapis.com/v1beta1/projects/connectiopos/configs 200
[debug] [2024-09-08T01:42:25.523Z] <<< [apiv2][body] GET https://runtimeconfig.googleapis.com/v1beta1/projects/connectiopos/configs {"configs":[{"name":"projects/connectiopos/configs/gmail"}]}
[debug] [2024-09-08T01:42:25.524Z] >>> [apiv2][query] GET https://runtimeconfig.googleapis.com/v1beta1/projects/connectiopos/configs/gmail/variables [none]
[debug] [2024-09-08T01:42:25.901Z] <<< [apiv2][status] GET https://runtimeconfig.googleapis.com/v1beta1/projects/connectiopos/configs/gmail/variables 200
[debug] [2024-09-08T01:42:25.901Z] <<< [apiv2][body] GET https://runtimeconfig.googleapis.com/v1beta1/projects/connectiopos/configs/gmail/variables {"variables":[{"name":"projects/connectiopos/configs/gmail/variables/email","updateTime":"2024-06-04T23:20:04.647237127Z"},{"name":"projects/connectiopos/configs/gmail/variables/password","updateTime":"2024-06-04T23:20:04.038900150Z"}]}
[debug] [2024-09-08T01:42:25.902Z] >>> [apiv2][query] GET https://runtimeconfig.googleapis.com/v1beta1/projects/connectiopos/configs/gmail/variables/email [none]
[debug] [2024-09-08T01:42:25.902Z] >>> [apiv2][query] GET https://runtimeconfig.googleapis.com/v1beta1/projects/connectiopos/configs/gmail/variables/password [none]
[debug] [2024-09-08T01:42:26.280Z] <<< [apiv2][status] GET https://runtimeconfig.googleapis.com/v1beta1/projects/connectiopos/configs/gmail/variables/email 200
[debug] [2024-09-08T01:42:26.280Z] <<< [apiv2][body] GET https://runtimeconfig.googleapis.com/v1beta1/projects/connectiopos/configs/gmail/variables/email {"name":"projects/connectiopos/configs/gmail/variables/email","updateTime":"2024-06-04T23:20:04.647237127Z","text":"mohvicente.saide@gmail.com"}
[debug] [2024-09-08T01:42:26.610Z] <<< [apiv2][status] GET https://runtimeconfig.googleapis.com/v1beta1/projects/connectiopos/configs/gmail/variables/password 200
[debug] [2024-09-08T01:42:26.610Z] <<< [apiv2][body] GET https://runtimeconfig.googleapis.com/v1beta1/projects/connectiopos/configs/gmail/variables/password {"name":"projects/connectiopos/configs/gmail/variables/password","updateTime":"2024-06-04T23:20:04.038900150Z","text":"mohammad2019"}
[debug] [2024-09-08T01:42:26.616Z] Validating nodejs source
[debug] [2024-09-08T01:42:28.677Z] > [functions] package.json contents: {
  "name": "functions",
  "description": "Cloud Functions for Firebase",
  "scripts": {
    "serve": "firebase emulators:start --only functions",
    "shell": "firebase functions:shell",
    "start": "npm run shell",
    "deploy": "firebase deploy --only functions",
    "logs": "firebase functions:log"
  },
  "engines": {
    "node": "18"
  },
  "main": "index.js",
  "dependencies": {
    "firebase-admin": "^12.1.0",
    "firebase-functions": "^5.0.0"
  },
  "devDependencies": {
    "firebase-functions-test": "^3.1.0"
  },
  "private": true
}
[debug] [2024-09-08T01:42:28.677Z] Building nodejs source
[info] i  functions: Loading and analyzing source code for codebase default to determine what to deploy 
[debug] [2024-09-08T01:42:28.679Z] Could not find functions.yaml. Must use http discovery
[debug] [2024-09-08T01:42:28.688Z] Found firebase-functions binary at 'C:\Users\Connection\votasnap\functions\node_modules\.bin\firebase-functions'
[info] Serving at port 8131

[debug] [2024-09-08T01:42:29.795Z] Got response from /__/functions.yaml {"endpoints":{"sendSMSOnNewCotacao":{"platform":"gcfv1","availableMemoryMb":null,"timeoutSeconds":null,"minInstances":null,"maxInstances":null,"ingressSettings":null,"serviceAccountEmail":null,"vpc":null,"eventTrigger":{"eventType":"providers/google.firebase.database/eventTypes/ref.create","eventFilters":{"resource":"projects/_/instances/connectiopos-default-rtdb/refs/cotacoes/{cotacaoId}"},"retry":false},"labels":{},"entryPoint":"sendSMSOnNewCotacao"}},"specVersion":"v1alpha1","requiredAPIs":[],"extensions":{}}
[info] i  functions: preparing functions directory for uploading... 
[info] i  functions: packaged C:\Users\Connection\votasnap\functions (64.59 KB) for uploading 
[debug] [2024-09-08T01:42:34.920Z] >>> [apiv2][query] GET https://cloudfunctions.googleapis.com/v1/projects/connectiopos/locations/-/functions [none]
[debug] [2024-09-08T01:42:36.327Z] <<< [apiv2][status] GET https://cloudfunctions.googleapis.com/v1/projects/connectiopos/locations/-/functions 200
[debug] [2024-09-08T01:42:36.327Z] <<< [apiv2][body] GET https://cloudfunctions.googleapis.com/v1/projects/connectiopos/locations/-/functions {"functions":[{"name":"projects/connectiopos/locations/us-central1/functions/sendSMSOnNewCotacao","eventTrigger":{"eventType":"providers/google.firebase.database/eventTypes/ref.create","resource":"projects/_/instances/connectiopos-default-rtdb/refs/cotacoes/{cotacaoId}","service":"firebaseio.com","failurePolicy":{}},"status":"OFFLINE","entryPoint":"sendSMSOnNewCotacao","timeout":"60s","availableMemoryMb":256,"serviceAccountEmail":"connectiopos@appspot.gserviceaccount.com","updateTime":"2024-09-08T00:33:59.279Z","versionId":"1","labels":{"deployment-tool":"cli-firebase","firebase-functions-hash":"551efe091d1a94e7735e0e19100df48dc005dc02"},"sourceUploadUrl":"https://storage.googleapis.com/uploads-911273786253.us-central1.cloudfunctions.appspot.com/a1d718a3-2e1a-43e0-97d9-5fb65a948f08.zip","environmentVariables":{"FIREBASE_CONFIG":"{\"projectId\":\"connectiopos\",\"databaseURL\":\"https://connectiopos-default-rtdb.firebaseio.com\",\"storageBucket\":\"connectiopos.appspot.com\",\"locationId\":\"us-central\"}","GCLOUD_PROJECT":"connectiopos","EVENTARC_CLOUD_EVENT_SOURCE":"projects/connectiopos/locations/us-central1/functions/sendSMSOnNewCotacao"},"runtime":"nodejs18","maxInstances":3000,"ingressSettings":"ALLOW_ALL","buildId":"9e6f1bdc-f261-4ed7-90ae-9fc2a95a2fd6","buildEnvironmentVariables":{"GOOGLE_NODE_RUN_SCRIPTS":""},"buildName":"projects/1083339114910/locations/us-central1/builds/9e6f1bdc-f261-4ed7-90ae-9fc2a95a2fd6","dockerRegistry":"ARTIFACT_REGISTRY","automaticUpdatePolicy":{},"buildServiceAccount":"projects/connectiopos/serviceAccounts/1083339114910-compute@developer.gserviceaccount.com"}]}
[debug] [2024-09-08T01:42:36.328Z] >>> [apiv2][query] GET https://cloudfunctions.googleapis.com/v2/projects/connectiopos/locations/-/functions filter=environment%3D%22GEN_2%22
[debug] [2024-09-08T01:42:37.483Z] <<< [apiv2][status] GET https://cloudfunctions.googleapis.com/v2/projects/connectiopos/locations/-/functions 200
[debug] [2024-09-08T01:42:37.484Z] <<< [apiv2][body] GET https://cloudfunctions.googleapis.com/v2/projects/connectiopos/locations/-/functions {}
[debug] [2024-09-08T01:42:37.487Z] >>> [apiv2][query] GET https://firebase.googleapis.com/v1beta1/projects/connectiopos [none]
[debug] [2024-09-08T01:42:38.186Z] <<< [apiv2][status] GET https://firebase.googleapis.com/v1beta1/projects/connectiopos 200
[debug] [2024-09-08T01:42:38.187Z] <<< [apiv2][body] GET https://firebase.googleapis.com/v1beta1/projects/connectiopos {"projectId":"connectiopos","projectNumber":"1083339114910","displayName":"connectiopos","name":"projects/connectiopos","resources":{"hostingSite":"connectiopos","realtimeDatabaseInstance":"connectiopos-default-rtdb","storageBucket":"connectiopos.appspot.com","locationId":"us-central"},"state":"ACTIVE","etag":"1_1f34600f-7a14-4893-bcb0-3fc66c5ad50a"}
[debug] [2024-09-08T01:42:38.191Z] >>> [apiv2][query] POST https://cloudfunctions.googleapis.com/v1/projects/connectiopos/locations/us-central1/functions:generateUploadUrl [none]
[debug] [2024-09-08T01:42:38.191Z] >>> [apiv2][body] POST https://cloudfunctions.googleapis.com/v1/projects/connectiopos/locations/us-central1/functions:generateUploadUrl {}
[debug] [2024-09-08T01:42:39.060Z] <<< [apiv2][status] POST https://cloudfunctions.googleapis.com/v1/projects/connectiopos/locations/us-central1/functions:generateUploadUrl 200
[debug] [2024-09-08T01:42:39.061Z] <<< [apiv2][body] POST https://cloudfunctions.googleapis.com/v1/projects/connectiopos/locations/us-central1/functions:generateUploadUrl {"uploadUrl":"https://storage.googleapis.com/uploads-911273786253.us-central1.cloudfunctions.appspot.com/a4913959-7483-42b0-837c-b55181a9bb23.zip?GoogleAccessId=service-1083339114910@gcf-admin-robot.iam.gserviceaccount.com&Expires=1725761560&Signature=jddlKlZMG99SqZuBgqaE75MvPFwcZajkvdLxLABtTxVwR7sbOunnj%2Fj3WHryy%2BzeC7p%2Fel8Tl4LNUN7O%2Frt7KIDPHWYWEFQ2ARzj48S1Xe6xA620qh%2BAGxPLZE%2BoQKY72%2BGbt0dXSSws%2BryyKG0UF8M1kQMqVRZ%2FO0vUhNp5fk9ONxgqIohf5Of7Y2SAdkqHPb5D%2FnprAamPp7%2Bt0V5vn51SefF2VUbcTRmxYeZzdPQZhiYdoOTAcfN0xmM2OQ2xn9lnUcd7EwQZw1sdkSZOI6TugMXtBUzW1wJh0wF2qGgZ90S7uVxiI%2BEf%2FFqe1gN5V7cRESIRhX9lUWbge%2B278Q%3D%3D"}
[debug] [2024-09-08T01:42:39.067Z] >>> [apiv2][query] PUT https://storage.googleapis.com/uploads-911273786253.us-central1.cloudfunctions.appspot.com/a4913959-7483-42b0-837c-b55181a9bb23.zip GoogleAccessId=service-1083339114910%40gcf-admin-robot.iam.gserviceaccount.com&Expires=1725761560&Signature=jddlKlZMG99SqZuBgqaE75MvPFwcZajkvdLxLABtTxVwR7sbOunnj%2Fj3WHryy%2BzeC7p%2Fel8Tl4LNUN7O%2Frt7KIDPHWYWEFQ2ARzj48S1Xe6xA620qh%2BAGxPLZE%2BoQKY72%2BGbt0dXSSws%2BryyKG0UF8M1kQMqVRZ%2FO0vUhNp5fk9ONxgqIohf5Of7Y2SAdkqHPb5D%2FnprAamPp7%2Bt0V5vn51SefF2VUbcTRmxYeZzdPQZhiYdoOTAcfN0xmM2OQ2xn9lnUcd7EwQZw1sdkSZOI6TugMXtBUzW1wJh0wF2qGgZ90S7uVxiI%2BEf%2FFqe1gN5V7cRESIRhX9lUWbge%2B278Q%3D%3D
[debug] [2024-09-08T01:42:39.068Z] >>> [apiv2][body] PUT https://storage.googleapis.com/uploads-911273786253.us-central1.cloudfunctions.appspot.com/a4913959-7483-42b0-837c-b55181a9bb23.zip [stream]
[debug] [2024-09-08T01:42:41.634Z] <<< [apiv2][status] PUT https://storage.googleapis.com/uploads-911273786253.us-central1.cloudfunctions.appspot.com/a4913959-7483-42b0-837c-b55181a9bb23.zip 200
[debug] [2024-09-08T01:42:41.635Z] <<< [apiv2][body] PUT https://storage.googleapis.com/uploads-911273786253.us-central1.cloudfunctions.appspot.com/a4913959-7483-42b0-837c-b55181a9bb23.zip [omitted]
[info] +  functions: functions folder uploaded successfully 
[info] i  functions: updating Node.js 18 (1st Gen) function sendSMSOnNewCotacao(us-central1)... 
[debug] [2024-09-08T01:42:41.644Z] >>> [apiv2][query] PATCH https://cloudfunctions.googleapis.com/v1/projects/connectiopos/locations/us-central1/functions/sendSMSOnNewCotacao updateMask=name%2CsourceUploadUrl%2CentryPoint%2Cruntime%2CdockerRegistry%2Clabels%2CeventTrigger.eventType%2CeventTrigger.resource%2CeventTrigger.failurePolicy%2CminInstances%2CmaxInstances%2CingressSettings%2CenvironmentVariables%2CserviceAccountEmail%2CavailableMemoryMb%2Ctimeout%2CvpcConnector%2CvpcConnectorEgressSettings%2CsourceToken%2CbuildEnvironmentVariables
[debug] [2024-09-08T01:42:41.644Z] >>> [apiv2][body] PATCH https://cloudfunctions.googleapis.com/v1/projects/connectiopos/locations/us-central1/functions/sendSMSOnNewCotacao {"name":"projects/connectiopos/locations/us-central1/functions/sendSMSOnNewCotacao","sourceUploadUrl":"https://storage.googleapis.com/uploads-911273786253.us-central1.cloudfunctions.appspot.com/a4913959-7483-42b0-837c-b55181a9bb23.zip?GoogleAccessId=service-1083339114910@gcf-admin-robot.iam.gserviceaccount.com&Expires=1725761560&Signature=jddlKlZMG99SqZuBgqaE75MvPFwcZajkvdLxLABtTxVwR7sbOunnj%2Fj3WHryy%2BzeC7p%2Fel8Tl4LNUN7O%2Frt7KIDPHWYWEFQ2ARzj48S1Xe6xA620qh%2BAGxPLZE%2BoQKY72%2BGbt0dXSSws%2BryyKG0UF8M1kQMqVRZ%2FO0vUhNp5fk9ONxgqIohf5Of7Y2SAdkqHPb5D%2FnprAamPp7%2Bt0V5vn51SefF2VUbcTRmxYeZzdPQZhiYdoOTAcfN0xmM2OQ2xn9lnUcd7EwQZw1sdkSZOI6TugMXtBUzW1wJh0wF2qGgZ90S7uVxiI%2BEf%2FFqe1gN5V7cRESIRhX9lUWbge%2B278Q%3D%3D","entryPoint":"sendSMSOnNewCotacao","runtime":"nodejs18","dockerRegistry":"ARTIFACT_REGISTRY","labels":{"deployment-tool":"cli-firebase","firebase-functions-hash":"d12a17c0c9b07889f40841e3fb9bc50977384038"},"eventTrigger":{"eventType":"providers/google.firebase.database/eventTypes/ref.create","resource":"projects/_/instances/connectiopos-default-rtdb/refs/cotacoes/{cotacaoId}"},"minInstances":null,"maxInstances":null,"ingressSettings":null,"environmentVariables":{"FIREBASE_CONFIG":"{\"projectId\":\"connectiopos\",\"databaseURL\":\"https://connectiopos-default-rtdb.firebaseio.com\",\"storageBucket\":\"connectiopos.appspot.com\",\"locationId\":\"us-central\"}","GCLOUD_PROJECT":"connectiopos","EVENTARC_CLOUD_EVENT_SOURCE":"projects/connectiopos/locations/us-central1/functions/sendSMSOnNewCotacao"},"serviceAccountEmail":null,"availableMemoryMb":null,"timeout":null,"vpcConnector":null,"vpcConnectorEgressSettings":null,"buildEnvironmentVariables":{"GOOGLE_NODE_RUN_SCRIPTS":""}}
[debug] [2024-09-08T01:42:42.356Z] <<< [apiv2][status] PATCH https://cloudfunctions.googleapis.com/v1/projects/connectiopos/locations/us-central1/functions/sendSMSOnNewCotacao 200
[debug] [2024-09-08T01:42:42.356Z] <<< [apiv2][body] PATCH https://cloudfunctions.googleapis.com/v1/projects/connectiopos/locations/us-central1/functions/sendSMSOnNewCotacao {"name":"operations/Y29ubmVjdGlvcG9zL3VzLWNlbnRyYWwxL3NlbmRTTVNPbk5ld0NvdGFjYW8vYmtYWkpCdFdTRkU","metadata":{"@type":"type.googleapis.com/google.cloud.functions.v1.OperationMetadataV1","target":"projects/connectiopos/locations/us-central1/functions/sendSMSOnNewCotacao","type":"UPDATE_FUNCTION","request":{"@type":"type.googleapis.com/google.cloud.functions.v1.CloudFunction","name":"projects/connectiopos/locations/us-central1/functions/sendSMSOnNewCotacao","eventTrigger":{"eventType":"providers/google.firebase.database/eventTypes/ref.create","resource":"projects/_/instances/connectiopos-default-rtdb/refs/cotacoes/{cotacaoId}","service":"firebaseio.com"},"status":"OFFLINE","entryPoint":"sendSMSOnNewCotacao","updateTime":"2024-09-08T00:33:59.279Z","versionId":"1","labels":{"deployment-tool":"cli-firebase","firebase-functions-hash":"d12a17c0c9b07889f40841e3fb9bc50977384038"},"sourceUploadUrl":"https://storage.googleapis.com/uploads-911273786253.us-central1.cloudfunctions.appspot.com/a4913959-7483-42b0-837c-b55181a9bb23.zip?GoogleAccessId=service-1083339114910@gcf-admin-robot.iam.gserviceaccount.com&Expires=1725761560&Signature=jddlKlZMG99SqZuBgqaE75MvPFwcZajkvdLxLABtTxVwR7sbOunnj%2Fj3WHryy%2BzeC7p%2Fel8Tl4LNUN7O%2Frt7KIDPHWYWEFQ2ARzj48S1Xe6xA620qh%2BAGxPLZE%2BoQKY72%2BGbt0dXSSws%2BryyKG0UF8M1kQMqVRZ%2FO0vUhNp5fk9ONxgqIohf5Of7Y2SAdkqHPb5D%2FnprAamPp7%2Bt0V5vn51SefF2VUbcTRmxYeZzdPQZhiYdoOTAcfN0xmM2OQ2xn9lnUcd7EwQZw1sdkSZOI6TugMXtBUzW1wJh0wF2qGgZ90S7uVxiI%2BEf%2FFqe1gN5V7cRESIRhX9lUWbge%2B278Q%3D%3D","environmentVariables":{"FIREBASE_CONFIG":"{\"projectId\":\"connectiopos\",\"databaseURL\":\"https://connectiopos-default-rtdb.firebaseio.com\",\"storageBucket\":\"connectiopos.appspot.com\",\"locationId\":\"us-central\"}","GCLOUD_PROJECT":"connectiopos","EVENTARC_CLOUD_EVENT_SOURCE":"projects/connectiopos/locations/us-central1/functions/sendSMSOnNewCotacao"},"runtime":"nodejs18","buildId":"9e6f1bdc-f261-4ed7-90ae-9fc2a95a2fd6","buildEnvironmentVariables":{"GOOGLE_NODE_RUN_SCRIPTS":""},"buildName":"projects/1083339114910/locations/us-central1/builds/9e6f1bdc-f261-4ed7-90ae-9fc2a95a2fd6","dockerRegistry":"ARTIFACT_REGISTRY","automaticUpdatePolicy":{},"buildServiceAccount":"projects/connectiopos/serviceAccounts/1083339114910-compute@developer.gserviceaccount.com"},"versionId":"2","updateTime":"2024-09-08T01:42:44Z"}}
[debug] [2024-09-08T01:42:42.359Z] >>> [apiv2][query] GET https://cloudfunctions.googleapis.com/v1/operations/Y29ubmVjdGlvcG9zL3VzLWNlbnRyYWwxL3NlbmRTTVNPbk5ld0NvdGFjYW8vYmtYWkpCdFdTRkU [none]
[debug] [2024-09-08T01:42:42.862Z] <<< [apiv2][status] GET https://cloudfunctions.googleapis.com/v1/operations/Y29ubmVjdGlvcG9zL3VzLWNlbnRyYWwxL3NlbmRTTVNPbk5ld0NvdGFjYW8vYmtYWkpCdFdTRkU 200
[debug] [2024-09-08T01:42:42.862Z] <<< [apiv2][body] GET https://cloudfunctions.googleapis.com/v1/operations/Y29ubmVjdGlvcG9zL3VzLWNlbnRyYWwxL3NlbmRTTVNPbk5ld0NvdGFjYW8vYmtYWkpCdFdTRkU {"name":"operations/Y29ubmVjdGlvcG9zL3VzLWNlbnRyYWwxL3NlbmRTTVNPbk5ld0NvdGFjYW8vYmtYWkpCdFdTRkU","metadata":{"@type":"type.googleapis.com/google.cloud.functions.v1.OperationMetadataV1","target":"projects/connectiopos/locations/us-central1/functions/sendSMSOnNewCotacao","type":"UPDATE_FUNCTION","request":{"@type":"type.googleapis.com/google.cloud.functions.v1.CloudFunction","name":"projects/connectiopos/locations/us-central1/functions/sendSMSOnNewCotacao","eventTrigger":{"eventType":"providers/google.firebase.database/eventTypes/ref.create","resource":"projects/_/instances/connectiopos-default-rtdb/refs/cotacoes/{cotacaoId}","service":"firebaseio.com"},"status":"OFFLINE","entryPoint":"sendSMSOnNewCotacao","updateTime":"2024-09-08T00:33:59.279Z","versionId":"1","labels":{"deployment-tool":"cli-firebase","firebase-functions-hash":"d12a17c0c9b07889f40841e3fb9bc50977384038"},"sourceUploadUrl":"https://storage.googleapis.com/uploads-911273786253.us-central1.cloudfunctions.appspot.com/a4913959-7483-42b0-837c-b55181a9bb23.zip?GoogleAccessId=service-1083339114910@gcf-admin-robot.iam.gserviceaccount.com&Expires=1725761560&Signature=jddlKlZMG99SqZuBgqaE75MvPFwcZajkvdLxLABtTxVwR7sbOunnj%2Fj3WHryy%2BzeC7p%2Fel8Tl4LNUN7O%2Frt7KIDPHWYWEFQ2ARzj48S1Xe6xA620qh%2BAGxPLZE%2BoQKY72%2BGbt0dXSSws%2BryyKG0UF8M1kQMqVRZ%2FO0vUhNp5fk9ONxgqIohf5Of7Y2SAdkqHPb5D%2FnprAamPp7%2Bt0V5vn51SefF2VUbcTRmxYeZzdPQZhiYdoOTAcfN0xmM2OQ2xn9lnUcd7EwQZw1sdkSZOI6TugMXtBUzW1wJh0wF2qGgZ90S7uVxiI%2BEf%2FFqe1gN5V7cRESIRhX9lUWbge%2B278Q%3D%3D","environmentVariables":{"FIREBASE_CONFIG":"{\"projectId\":\"connectiopos\",\"databaseURL\":\"https://connectiopos-default-rtdb.firebaseio.com\",\"storageBucket\":\"connectiopos.appspot.com\",\"locationId\":\"us-central\"}","GCLOUD_PROJECT":"connectiopos","EVENTARC_CLOUD_EVENT_SOURCE":"projects/connectiopos/locations/us-central1/functions/sendSMSOnNewCotacao"},"runtime":"nodejs18","buildId":"9e6f1bdc-f261-4ed7-90ae-9fc2a95a2fd6","buildEnvironmentVariables":{"GOOGLE_NODE_RUN_SCRIPTS":""},"buildName":"projects/1083339114910/locations/us-central1/builds/9e6f1bdc-f261-4ed7-90ae-9fc2a95a2fd6","dockerRegistry":"ARTIFACT_REGISTRY","automaticUpdatePolicy":{},"buildServiceAccount":"projects/connectiopos/serviceAccounts/1083339114910-compute@developer.gserviceaccount.com"},"versionId":"2","updateTime":"2024-09-08T01:42:44Z"}}
[debug] [2024-09-08T01:42:43.376Z] [update-default-us-central1-sendSMSOnNewCotacao] Retrying task index 0
[debug] [2024-09-08T01:42:43.377Z] >>> [apiv2][query] GET https://cloudfunctions.googleapis.com/v1/operations/Y29ubmVjdGlvcG9zL3VzLWNlbnRyYWwxL3NlbmRTTVNPbk5ld0NvdGFjYW8vYmtYWkpCdFdTRkU [none]
[debug] [2024-09-08T01:42:43.788Z] <<< [apiv2][status] GET https://cloudfunctions.googleapis.com/v1/operations/Y29ubmVjdGlvcG9zL3VzLWNlbnRyYWwxL3NlbmRTTVNPbk5ld0NvdGFjYW8vYmtYWkpCdFdTRkU 200
[debug] [2024-09-08T01:42:43.788Z] <<< [apiv2][body] GET https://cloudfunctions.googleapis.com/v1/operations/Y29ubmVjdGlvcG9zL3VzLWNlbnRyYWwxL3NlbmRTTVNPbk5ld0NvdGFjYW8vYmtYWkpCdFdTRkU {"name":"operations/Y29ubmVjdGlvcG9zL3VzLWNlbnRyYWwxL3NlbmRTTVNPbk5ld0NvdGFjYW8vYmtYWkpCdFdTRkU","metadata":{"@type":"type.googleapis.com/google.cloud.functions.v1.OperationMetadataV1","target":"projects/connectiopos/locations/us-central1/functions/sendSMSOnNewCotacao","type":"UPDATE_FUNCTION","request":{"@type":"type.googleapis.com/google.cloud.functions.v1.CloudFunction","name":"projects/connectiopos/locations/us-central1/functions/sendSMSOnNewCotacao","eventTrigger":{"eventType":"providers/google.firebase.database/eventTypes/ref.create","resource":"projects/_/instances/connectiopos-default-rtdb/refs/cotacoes/{cotacaoId}","service":"firebaseio.com"},"status":"OFFLINE","entryPoint":"sendSMSOnNewCotacao","updateTime":"2024-09-08T00:33:59.279Z","versionId":"1","labels":{"deployment-tool":"cli-firebase","firebase-functions-hash":"d12a17c0c9b07889f40841e3fb9bc50977384038"},"sourceUploadUrl":"https://storage.googleapis.com/uploads-911273786253.us-central1.cloudfunctions.appspot.com/a4913959-7483-42b0-837c-b55181a9bb23.zip?GoogleAccessId=service-1083339114910@gcf-admin-robot.iam.gserviceaccount.com&Expires=1725761560&Signature=jddlKlZMG99SqZuBgqaE75MvPFwcZajkvdLxLABtTxVwR7sbOunnj%2Fj3WHryy%2BzeC7p%2Fel8Tl4LNUN7O%2Frt7KIDPHWYWEFQ2ARzj48S1Xe6xA620qh%2BAGxPLZE%2BoQKY72%2BGbt0dXSSws%2BryyKG0UF8M1kQMqVRZ%2FO0vUhNp5fk9ONxgqIohf5Of7Y2SAdkqHPb5D%2FnprAamPp7%2Bt0V5vn51SefF2VUbcTRmxYeZzdPQZhiYdoOTAcfN0xmM2OQ2xn9lnUcd7EwQZw1sdkSZOI6TugMXtBUzW1wJh0wF2qGgZ90S7uVxiI%2BEf%2FFqe1gN5V7cRESIRhX9lUWbge%2B278Q%3D%3D","environmentVariables":{"FIREBASE_CONFIG":"{\"projectId\":\"connectiopos\",\"databaseURL\":\"https://connectiopos-default-rtdb.firebaseio.com\",\"storageBucket\":\"connectiopos.appspot.com\",\"locationId\":\"us-central\"}","GCLOUD_PROJECT":"connectiopos","EVENTARC_CLOUD_EVENT_SOURCE":"projects/connectiopos/locations/us-central1/functions/sendSMSOnNewCotacao"},"runtime":"nodejs18","buildId":"9e6f1bdc-f261-4ed7-90ae-9fc2a95a2fd6","buildEnvironmentVariables":{"GOOGLE_NODE_RUN_SCRIPTS":""},"buildName":"projects/1083339114910/locations/us-central1/builds/9e6f1bdc-f261-4ed7-90ae-9fc2a95a2fd6","dockerRegistry":"ARTIFACT_REGISTRY","automaticUpdatePolicy":{},"buildServiceAccount":"projects/connectiopos/serviceAccounts/1083339114910-compute@developer.gserviceaccount.com"},"versionId":"2","updateTime":"2024-09-08T01:42:44Z","buildId":"23ca01e1-59c3-4176-b742-c42ef8be25ae","buildName":"projects/1083339114910/locations/us-central1/builds/23ca01e1-59c3-4176-b742-c42ef8be25ae"}}
[debug] [2024-09-08T01:42:44.802Z] [update-default-us-central1-sendSMSOnNewCotacao] Retrying task index 0
[debug] [2024-09-08T01:42:44.804Z] >>> [apiv2][query] GET https://cloudfunctions.googleapis.com/v1/operations/Y29ubmVjdGlvcG9zL3VzLWNlbnRyYWwxL3NlbmRTTVNPbk5ld0NvdGFjYW8vYmtYWkpCdFdTRkU [none]
[debug] [2024-09-08T01:42:45.208Z] <<< [apiv2][status] GET https://cloudfunctions.googleapis.com/v1/operations/Y29ubmVjdGlvcG9zL3VzLWNlbnRyYWwxL3NlbmRTTVNPbk5ld0NvdGFjYW8vYmtYWkpCdFdTRkU 200
[debug] [2024-09-08T01:42:45.208Z] <<< [apiv2][body] GET https://cloudfunctions.googleapis.com/v1/operations/Y29ubmVjdGlvcG9zL3VzLWNlbnRyYWwxL3NlbmRTTVNPbk5ld0NvdGFjYW8vYmtYWkpCdFdTRkU {"name":"operations/Y29ubmVjdGlvcG9zL3VzLWNlbnRyYWwxL3NlbmRTTVNPbk5ld0NvdGFjYW8vYmtYWkpCdFdTRkU","metadata":{"@type":"type.googleapis.com/google.cloud.functions.v1.OperationMetadataV1","target":"projects/connectiopos/locations/us-central1/functions/sendSMSOnNewCotacao","type":"UPDATE_FUNCTION","request":{"@type":"type.googleapis.com/google.cloud.functions.v1.CloudFunction","name":"projects/connectiopos/locations/us-central1/functions/sendSMSOnNewCotacao","eventTrigger":{"eventType":"providers/google.firebase.database/eventTypes/ref.create","resource":"projects/_/instances/connectiopos-default-rtdb/refs/cotacoes/{cotacaoId}","service":"firebaseio.com"},"status":"OFFLINE","entryPoint":"sendSMSOnNewCotacao","updateTime":"2024-09-08T00:33:59.279Z","versionId":"1","labels":{"deployment-tool":"cli-firebase","firebase-functions-hash":"d12a17c0c9b07889f40841e3fb9bc50977384038"},"sourceUploadUrl":"https://storage.googleapis.com/uploads-911273786253.us-central1.cloudfunctions.appspot.com/a4913959-7483-42b0-837c-b55181a9bb23.zip?GoogleAccessId=service-1083339114910@gcf-admin-robot.iam.gserviceaccount.com&Expires=1725761560&Signature=jddlKlZMG99SqZuBgqaE75MvPFwcZajkvdLxLABtTxVwR7sbOunnj%2Fj3WHryy%2BzeC7p%2Fel8Tl4LNUN7O%2Frt7KIDPHWYWEFQ2ARzj48S1Xe6xA620qh%2BAGxPLZE%2BoQKY72%2BGbt0dXSSws%2BryyKG0UF8M1kQMqVRZ%2FO0vUhNp5fk9ONxgqIohf5Of7Y2SAdkqHPb5D%2FnprAamPp7%2Bt0V5vn51SefF2VUbcTRmxYeZzdPQZhiYdoOTAcfN0xmM2OQ2xn9lnUcd7EwQZw1sdkSZOI6TugMXtBUzW1wJh0wF2qGgZ90S7uVxiI%2BEf%2FFqe1gN5V7cRESIRhX9lUWbge%2B278Q%3D%3D","environmentVariables":{"FIREBASE_CONFIG":"{\"projectId\":\"connectiopos\",\"databaseURL\":\"https://connectiopos-default-rtdb.firebaseio.com\",\"storageBucket\":\"connectiopos.appspot.com\",\"locationId\":\"us-central\"}","GCLOUD_PROJECT":"connectiopos","EVENTARC_CLOUD_EVENT_SOURCE":"projects/connectiopos/locations/us-central1/functions/sendSMSOnNewCotacao"},"runtime":"nodejs18","buildId":"9e6f1bdc-f261-4ed7-90ae-9fc2a95a2fd6","buildEnvironmentVariables":{"GOOGLE_NODE_RUN_SCRIPTS":""},"buildName":"projects/1083339114910/locations/us-central1/builds/9e6f1bdc-f261-4ed7-90ae-9fc2a95a2fd6","dockerRegistry":"ARTIFACT_REGISTRY","automaticUpdatePolicy":{},"buildServiceAccount":"projects/connectiopos/serviceAccounts/1083339114910-compute@developer.gserviceaccount.com"},"versionId":"2","updateTime":"2024-09-08T01:42:44Z","buildId":"23ca01e1-59c3-4176-b742-c42ef8be25ae","buildName":"projects/1083339114910/locations/us-central1/builds/23ca01e1-59c3-4176-b742-c42ef8be25ae"}}
[debug] [2024-09-08T01:42:47.213Z] [update-default-us-central1-sendSMSOnNewCotacao] Retrying task index 0
[debug] [2024-09-08T01:42:47.214Z] >>> [apiv2][query] GET https://cloudfunctions.googleapis.com/v1/operations/Y29ubmVjdGlvcG9zL3VzLWNlbnRyYWwxL3NlbmRTTVNPbk5ld0NvdGFjYW8vYmtYWkpCdFdTRkU [none]
[debug] [2024-09-08T01:42:47.619Z] <<< [apiv2][status] GET https://cloudfunctions.googleapis.com/v1/operations/Y29ubmVjdGlvcG9zL3VzLWNlbnRyYWwxL3NlbmRTTVNPbk5ld0NvdGFjYW8vYmtYWkpCdFdTRkU 200
[debug] [2024-09-08T01:42:47.619Z] <<< [apiv2][body] GET https://cloudfunctions.googleapis.com/v1/operations/Y29ubmVjdGlvcG9zL3VzLWNlbnRyYWwxL3NlbmRTTVNPbk5ld0NvdGFjYW8vYmtYWkpCdFdTRkU {"name":"operations/Y29ubmVjdGlvcG9zL3VzLWNlbnRyYWwxL3NlbmRTTVNPbk5ld0NvdGFjYW8vYmtYWkpCdFdTRkU","metadata":{"@type":"type.googleapis.com/google.cloud.functions.v1.OperationMetadataV1","target":"projects/connectiopos/locations/us-central1/functions/sendSMSOnNewCotacao","type":"UPDATE_FUNCTION","request":{"@type":"type.googleapis.com/google.cloud.functions.v1.CloudFunction","name":"projects/connectiopos/locations/us-central1/functions/sendSMSOnNewCotacao","eventTrigger":{"eventType":"providers/google.firebase.database/eventTypes/ref.create","resource":"projects/_/instances/connectiopos-default-rtdb/refs/cotacoes/{cotacaoId}","service":"firebaseio.com"},"status":"OFFLINE","entryPoint":"sendSMSOnNewCotacao","updateTime":"2024-09-08T00:33:59.279Z","versionId":"1","labels":{"deployment-tool":"cli-firebase","firebase-functions-hash":"d12a17c0c9b07889f40841e3fb9bc50977384038"},"sourceUploadUrl":"https://storage.googleapis.com/uploads-911273786253.us-central1.cloudfunctions.appspot.com/a4913959-7483-42b0-837c-b55181a9bb23.zip?GoogleAccessId=service-1083339114910@gcf-admin-robot.iam.gserviceaccount.com&Expires=1725761560&Signature=jddlKlZMG99SqZuBgqaE75MvPFwcZajkvdLxLABtTxVwR7sbOunnj%2Fj3WHryy%2BzeC7p%2Fel8Tl4LNUN7O%2Frt7KIDPHWYWEFQ2ARzj48S1Xe6xA620qh%2BAGxPLZE%2BoQKY72%2BGbt0dXSSws%2BryyKG0UF8M1kQMqVRZ%2FO0vUhNp5fk9ONxgqIohf5Of7Y2SAdkqHPb5D%2FnprAamPp7%2Bt0V5vn51SefF2VUbcTRmxYeZzdPQZhiYdoOTAcfN0xmM2OQ2xn9lnUcd7EwQZw1sdkSZOI6TugMXtBUzW1wJh0wF2qGgZ90S7uVxiI%2BEf%2FFqe1gN5V7cRESIRhX9lUWbge%2B278Q%3D%3D","environmentVariables":{"FIREBASE_CONFIG":"{\"projectId\":\"connectiopos\",\"databaseURL\":\"https://connectiopos-default-rtdb.firebaseio.com\",\"storageBucket\":\"connectiopos.appspot.com\",\"locationId\":\"us-central\"}","GCLOUD_PROJECT":"connectiopos","EVENTARC_CLOUD_EVENT_SOURCE":"projects/connectiopos/locations/us-central1/functions/sendSMSOnNewCotacao"},"runtime":"nodejs18","buildId":"9e6f1bdc-f261-4ed7-90ae-9fc2a95a2fd6","buildEnvironmentVariables":{"GOOGLE_NODE_RUN_SCRIPTS":""},"buildName":"projects/1083339114910/locations/us-central1/builds/9e6f1bdc-f261-4ed7-90ae-9fc2a95a2fd6","dockerRegistry":"ARTIFACT_REGISTRY","automaticUpdatePolicy":{},"buildServiceAccount":"projects/connectiopos/serviceAccounts/1083339114910-compute@developer.gserviceaccount.com"},"versionId":"2","updateTime":"2024-09-08T01:42:44Z","buildId":"23ca01e1-59c3-4176-b742-c42ef8be25ae","buildName":"projects/1083339114910/locations/us-central1/builds/23ca01e1-59c3-4176-b742-c42ef8be25ae"}}
[debug] [2024-09-08T01:42:51.634Z] [update-default-us-central1-sendSMSOnNewCotacao] Retrying task index 0
[debug] [2024-09-08T01:42:51.636Z] >>> [apiv2][query] GET https://cloudfunctions.googleapis.com/v1/operations/Y29ubmVjdGlvcG9zL3VzLWNlbnRyYWwxL3NlbmRTTVNPbk5ld0NvdGFjYW8vYmtYWkpCdFdTRkU [none]
[debug] [2024-09-08T01:42:52.043Z] <<< [apiv2][status] GET https://cloudfunctions.googleapis.com/v1/operations/Y29ubmVjdGlvcG9zL3VzLWNlbnRyYWwxL3NlbmRTTVNPbk5ld0NvdGFjYW8vYmtYWkpCdFdTRkU 200
[debug] [2024-09-08T01:42:52.044Z] <<< [apiv2][body] GET https://cloudfunctions.googleapis.com/v1/operations/Y29ubmVjdGlvcG9zL3VzLWNlbnRyYWwxL3NlbmRTTVNPbk5ld0NvdGFjYW8vYmtYWkpCdFdTRkU {"name":"operations/Y29ubmVjdGlvcG9zL3VzLWNlbnRyYWwxL3NlbmRTTVNPbk5ld0NvdGFjYW8vYmtYWkpCdFdTRkU","metadata":{"@type":"type.googleapis.com/google.cloud.functions.v1.OperationMetadataV1","target":"projects/connectiopos/locations/us-central1/functions/sendSMSOnNewCotacao","type":"UPDATE_FUNCTION","request":{"@type":"type.googleapis.com/google.cloud.functions.v1.CloudFunction","name":"projects/connectiopos/locations/us-central1/functions/sendSMSOnNewCotacao","eventTrigger":{"eventType":"providers/google.firebase.database/eventTypes/ref.create","resource":"projects/_/instances/connectiopos-default-rtdb/refs/cotacoes/{cotacaoId}","service":"firebaseio.com"},"status":"OFFLINE","entryPoint":"sendSMSOnNewCotacao","updateTime":"2024-09-08T00:33:59.279Z","versionId":"1","labels":{"deployment-tool":"cli-firebase","firebase-functions-hash":"d12a17c0c9b07889f40841e3fb9bc50977384038"},"sourceUploadUrl":"https://storage.googleapis.com/uploads-911273786253.us-central1.cloudfunctions.appspot.com/a4913959-7483-42b0-837c-b55181a9bb23.zip?GoogleAccessId=service-1083339114910@gcf-admin-robot.iam.gserviceaccount.com&Expires=1725761560&Signature=jddlKlZMG99SqZuBgqaE75MvPFwcZajkvdLxLABtTxVwR7sbOunnj%2Fj3WHryy%2BzeC7p%2Fel8Tl4LNUN7O%2Frt7KIDPHWYWEFQ2ARzj48S1Xe6xA620qh%2BAGxPLZE%2BoQKY72%2BGbt0dXSSws%2BryyKG0UF8M1kQMqVRZ%2FO0vUhNp5fk9ONxgqIohf5Of7Y2SAdkqHPb5D%2FnprAamPp7%2Bt0V5vn51SefF2VUbcTRmxYeZzdPQZhiYdoOTAcfN0xmM2OQ2xn9lnUcd7EwQZw1sdkSZOI6TugMXtBUzW1wJh0wF2qGgZ90S7uVxiI%2BEf%2FFqe1gN5V7cRESIRhX9lUWbge%2B278Q%3D%3D","environmentVariables":{"FIREBASE_CONFIG":"{\"projectId\":\"connectiopos\",\"databaseURL\":\"https://connectiopos-default-rtdb.firebaseio.com\",\"storageBucket\":\"connectiopos.appspot.com\",\"locationId\":\"us-central\"}","GCLOUD_PROJECT":"connectiopos","EVENTARC_CLOUD_EVENT_SOURCE":"projects/connectiopos/locations/us-central1/functions/sendSMSOnNewCotacao"},"runtime":"nodejs18","buildId":"9e6f1bdc-f261-4ed7-90ae-9fc2a95a2fd6","buildEnvironmentVariables":{"GOOGLE_NODE_RUN_SCRIPTS":""},"buildName":"projects/1083339114910/locations/us-central1/builds/9e6f1bdc-f261-4ed7-90ae-9fc2a95a2fd6","dockerRegistry":"ARTIFACT_REGISTRY","automaticUpdatePolicy":{},"buildServiceAccount":"projects/connectiopos/serviceAccounts/1083339114910-compute@developer.gserviceaccount.com"},"versionId":"2","updateTime":"2024-09-08T01:42:44Z","buildId":"23ca01e1-59c3-4176-b742-c42ef8be25ae","buildName":"projects/1083339114910/locations/us-central1/builds/23ca01e1-59c3-4176-b742-c42ef8be25ae"}}
[debug] [2024-09-08T01:43:00.055Z] [update-default-us-central1-sendSMSOnNewCotacao] Retrying task index 0
[debug] [2024-09-08T01:43:00.055Z] >>> [apiv2][query] GET https://cloudfunctions.googleapis.com/v1/operations/Y29ubmVjdGlvcG9zL3VzLWNlbnRyYWwxL3NlbmRTTVNPbk5ld0NvdGFjYW8vYmtYWkpCdFdTRkU [none]
[debug] [2024-09-08T01:43:00.801Z] <<< [apiv2][status] GET https://cloudfunctions.googleapis.com/v1/operations/Y29ubmVjdGlvcG9zL3VzLWNlbnRyYWwxL3NlbmRTTVNPbk5ld0NvdGFjYW8vYmtYWkpCdFdTRkU 200
[debug] [2024-09-08T01:43:00.801Z] <<< [apiv2][body] GET https://cloudfunctions.googleapis.com/v1/operations/Y29ubmVjdGlvcG9zL3VzLWNlbnRyYWwxL3NlbmRTTVNPbk5ld0NvdGFjYW8vYmtYWkpCdFdTRkU {"name":"operations/Y29ubmVjdGlvcG9zL3VzLWNlbnRyYWwxL3NlbmRTTVNPbk5ld0NvdGFjYW8vYmtYWkpCdFdTRkU","metadata":{"@type":"type.googleapis.com/google.cloud.functions.v1.OperationMetadataV1","target":"projects/connectiopos/locations/us-central1/functions/sendSMSOnNewCotacao","type":"UPDATE_FUNCTION","request":{"@type":"type.googleapis.com/google.cloud.functions.v1.CloudFunction","name":"projects/connectiopos/locations/us-central1/functions/sendSMSOnNewCotacao","eventTrigger":{"eventType":"providers/google.firebase.database/eventTypes/ref.create","resource":"projects/_/instances/connectiopos-default-rtdb/refs/cotacoes/{cotacaoId}","service":"firebaseio.com"},"status":"OFFLINE","entryPoint":"sendSMSOnNewCotacao","updateTime":"2024-09-08T00:33:59.279Z","versionId":"1","labels":{"deployment-tool":"cli-firebase","firebase-functions-hash":"d12a17c0c9b07889f40841e3fb9bc50977384038"},"sourceUploadUrl":"https://storage.googleapis.com/uploads-911273786253.us-central1.cloudfunctions.appspot.com/a4913959-7483-42b0-837c-b55181a9bb23.zip?GoogleAccessId=service-1083339114910@gcf-admin-robot.iam.gserviceaccount.com&Expires=1725761560&Signature=jddlKlZMG99SqZuBgqaE75MvPFwcZajkvdLxLABtTxVwR7sbOunnj%2Fj3WHryy%2BzeC7p%2Fel8Tl4LNUN7O%2Frt7KIDPHWYWEFQ2ARzj48S1Xe6xA620qh%2BAGxPLZE%2BoQKY72%2BGbt0dXSSws%2BryyKG0UF8M1kQMqVRZ%2FO0vUhNp5fk9ONxgqIohf5Of7Y2SAdkqHPb5D%2FnprAamPp7%2Bt0V5vn51SefF2VUbcTRmxYeZzdPQZhiYdoOTAcfN0xmM2OQ2xn9lnUcd7EwQZw1sdkSZOI6TugMXtBUzW1wJh0wF2qGgZ90S7uVxiI%2BEf%2FFqe1gN5V7cRESIRhX9lUWbge%2B278Q%3D%3D","environmentVariables":{"FIREBASE_CONFIG":"{\"projectId\":\"connectiopos\",\"databaseURL\":\"https://connectiopos-default-rtdb.firebaseio.com\",\"storageBucket\":\"connectiopos.appspot.com\",\"locationId\":\"us-central\"}","GCLOUD_PROJECT":"connectiopos","EVENTARC_CLOUD_EVENT_SOURCE":"projects/connectiopos/locations/us-central1/functions/sendSMSOnNewCotacao"},"runtime":"nodejs18","buildId":"9e6f1bdc-f261-4ed7-90ae-9fc2a95a2fd6","buildEnvironmentVariables":{"GOOGLE_NODE_RUN_SCRIPTS":""},"buildName":"projects/1083339114910/locations/us-central1/builds/9e6f1bdc-f261-4ed7-90ae-9fc2a95a2fd6","dockerRegistry":"ARTIFACT_REGISTRY","automaticUpdatePolicy":{},"buildServiceAccount":"projects/connectiopos/serviceAccounts/1083339114910-compute@developer.gserviceaccount.com"},"versionId":"2","updateTime":"2024-09-08T01:42:44Z","buildId":"23ca01e1-59c3-4176-b742-c42ef8be25ae","buildName":"projects/1083339114910/locations/us-central1/builds/23ca01e1-59c3-4176-b742-c42ef8be25ae"}}
[debug] [2024-09-08T01:43:10.812Z] [update-default-us-central1-sendSMSOnNewCotacao] Retrying task index 0
[debug] [2024-09-08T01:43:10.813Z] >>> [apiv2][query] GET https://cloudfunctions.googleapis.com/v1/operations/Y29ubmVjdGlvcG9zL3VzLWNlbnRyYWwxL3NlbmRTTVNPbk5ld0NvdGFjYW8vYmtYWkpCdFdTRkU [none]
[debug] [2024-09-08T01:43:11.536Z] <<< [apiv2][status] GET https://cloudfunctions.googleapis.com/v1/operations/Y29ubmVjdGlvcG9zL3VzLWNlbnRyYWwxL3NlbmRTTVNPbk5ld0NvdGFjYW8vYmtYWkpCdFdTRkU 200
[debug] [2024-09-08T01:43:11.536Z] <<< [apiv2][body] GET https://cloudfunctions.googleapis.com/v1/operations/Y29ubmVjdGlvcG9zL3VzLWNlbnRyYWwxL3NlbmRTTVNPbk5ld0NvdGFjYW8vYmtYWkpCdFdTRkU {"name":"operations/Y29ubmVjdGlvcG9zL3VzLWNlbnRyYWwxL3NlbmRTTVNPbk5ld0NvdGFjYW8vYmtYWkpCdFdTRkU","metadata":{"@type":"type.googleapis.com/google.cloud.functions.v1.OperationMetadataV1","target":"projects/connectiopos/locations/us-central1/functions/sendSMSOnNewCotacao","type":"UPDATE_FUNCTION","request":{"@type":"type.googleapis.com/google.cloud.functions.v1.CloudFunction","name":"projects/connectiopos/locations/us-central1/functions/sendSMSOnNewCotacao","eventTrigger":{"eventType":"providers/google.firebase.database/eventTypes/ref.create","resource":"projects/_/instances/connectiopos-default-rtdb/refs/cotacoes/{cotacaoId}","service":"firebaseio.com"},"status":"OFFLINE","entryPoint":"sendSMSOnNewCotacao","updateTime":"2024-09-08T00:33:59.279Z","versionId":"1","labels":{"deployment-tool":"cli-firebase","firebase-functions-hash":"d12a17c0c9b07889f40841e3fb9bc50977384038"},"sourceUploadUrl":"https://storage.googleapis.com/uploads-911273786253.us-central1.cloudfunctions.appspot.com/a4913959-7483-42b0-837c-b55181a9bb23.zip?GoogleAccessId=service-1083339114910@gcf-admin-robot.iam.gserviceaccount.com&Expires=1725761560&Signature=jddlKlZMG99SqZuBgqaE75MvPFwcZajkvdLxLABtTxVwR7sbOunnj%2Fj3WHryy%2BzeC7p%2Fel8Tl4LNUN7O%2Frt7KIDPHWYWEFQ2ARzj48S1Xe6xA620qh%2BAGxPLZE%2BoQKY72%2BGbt0dXSSws%2BryyKG0UF8M1kQMqVRZ%2FO0vUhNp5fk9ONxgqIohf5Of7Y2SAdkqHPb5D%2FnprAamPp7%2Bt0V5vn51SefF2VUbcTRmxYeZzdPQZhiYdoOTAcfN0xmM2OQ2xn9lnUcd7EwQZw1sdkSZOI6TugMXtBUzW1wJh0wF2qGgZ90S7uVxiI%2BEf%2FFqe1gN5V7cRESIRhX9lUWbge%2B278Q%3D%3D","environmentVariables":{"FIREBASE_CONFIG":"{\"projectId\":\"connectiopos\",\"databaseURL\":\"https://connectiopos-default-rtdb.firebaseio.com\",\"storageBucket\":\"connectiopos.appspot.com\",\"locationId\":\"us-central\"}","GCLOUD_PROJECT":"connectiopos","EVENTARC_CLOUD_EVENT_SOURCE":"projects/connectiopos/locations/us-central1/functions/sendSMSOnNewCotacao"},"runtime":"nodejs18","buildId":"9e6f1bdc-f261-4ed7-90ae-9fc2a95a2fd6","buildEnvironmentVariables":{"GOOGLE_NODE_RUN_SCRIPTS":""},"buildName":"projects/1083339114910/locations/us-central1/builds/9e6f1bdc-f261-4ed7-90ae-9fc2a95a2fd6","dockerRegistry":"ARTIFACT_REGISTRY","automaticUpdatePolicy":{},"buildServiceAccount":"projects/connectiopos/serviceAccounts/1083339114910-compute@developer.gserviceaccount.com"},"versionId":"2","updateTime":"2024-09-08T01:42:44Z","buildId":"23ca01e1-59c3-4176-b742-c42ef8be25ae","buildName":"projects/1083339114910/locations/us-central1/builds/23ca01e1-59c3-4176-b742-c42ef8be25ae"}}
[debug] [2024-09-08T01:43:21.538Z] [update-default-us-central1-sendSMSOnNewCotacao] Retrying task index 0
[debug] [2024-09-08T01:43:21.540Z] >>> [apiv2][query] GET https://cloudfunctions.googleapis.com/v1/operations/Y29ubmVjdGlvcG9zL3VzLWNlbnRyYWwxL3NlbmRTTVNPbk5ld0NvdGFjYW8vYmtYWkpCdFdTRkU [none]
[debug] [2024-09-08T01:43:22.256Z] <<< [apiv2][status] GET https://cloudfunctions.googleapis.com/v1/operations/Y29ubmVjdGlvcG9zL3VzLWNlbnRyYWwxL3NlbmRTTVNPbk5ld0NvdGFjYW8vYmtYWkpCdFdTRkU 200
[debug] [2024-09-08T01:43:22.256Z] <<< [apiv2][body] GET https://cloudfunctions.googleapis.com/v1/operations/Y29ubmVjdGlvcG9zL3VzLWNlbnRyYWwxL3NlbmRTTVNPbk5ld0NvdGFjYW8vYmtYWkpCdFdTRkU {"name":"operations/Y29ubmVjdGlvcG9zL3VzLWNlbnRyYWwxL3NlbmRTTVNPbk5ld0NvdGFjYW8vYmtYWkpCdFdTRkU","metadata":{"@type":"type.googleapis.com/google.cloud.functions.v1.OperationMetadataV1","target":"projects/connectiopos/locations/us-central1/functions/sendSMSOnNewCotacao","type":"UPDATE_FUNCTION","request":{"@type":"type.googleapis.com/google.cloud.functions.v1.CloudFunction","name":"projects/connectiopos/locations/us-central1/functions/sendSMSOnNewCotacao","eventTrigger":{"eventType":"providers/google.firebase.database/eventTypes/ref.create","resource":"projects/_/instances/connectiopos-default-rtdb/refs/cotacoes/{cotacaoId}","service":"firebaseio.com"},"status":"OFFLINE","entryPoint":"sendSMSOnNewCotacao","updateTime":"2024-09-08T00:33:59.279Z","versionId":"1","labels":{"deployment-tool":"cli-firebase","firebase-functions-hash":"d12a17c0c9b07889f40841e3fb9bc50977384038"},"sourceUploadUrl":"https://storage.googleapis.com/uploads-911273786253.us-central1.cloudfunctions.appspot.com/a4913959-7483-42b0-837c-b55181a9bb23.zip?GoogleAccessId=service-1083339114910@gcf-admin-robot.iam.gserviceaccount.com&Expires=1725761560&Signature=jddlKlZMG99SqZuBgqaE75MvPFwcZajkvdLxLABtTxVwR7sbOunnj%2Fj3WHryy%2BzeC7p%2Fel8Tl4LNUN7O%2Frt7KIDPHWYWEFQ2ARzj48S1Xe6xA620qh%2BAGxPLZE%2BoQKY72%2BGbt0dXSSws%2BryyKG0UF8M1kQMqVRZ%2FO0vUhNp5fk9ONxgqIohf5Of7Y2SAdkqHPb5D%2FnprAamPp7%2Bt0V5vn51SefF2VUbcTRmxYeZzdPQZhiYdoOTAcfN0xmM2OQ2xn9lnUcd7EwQZw1sdkSZOI6TugMXtBUzW1wJh0wF2qGgZ90S7uVxiI%2BEf%2FFqe1gN5V7cRESIRhX9lUWbge%2B278Q%3D%3D","environmentVariables":{"FIREBASE_CONFIG":"{\"projectId\":\"connectiopos\",\"databaseURL\":\"https://connectiopos-default-rtdb.firebaseio.com\",\"storageBucket\":\"connectiopos.appspot.com\",\"locationId\":\"us-central\"}","GCLOUD_PROJECT":"connectiopos","EVENTARC_CLOUD_EVENT_SOURCE":"projects/connectiopos/locations/us-central1/functions/sendSMSOnNewCotacao"},"runtime":"nodejs18","buildId":"9e6f1bdc-f261-4ed7-90ae-9fc2a95a2fd6","buildEnvironmentVariables":{"GOOGLE_NODE_RUN_SCRIPTS":""},"buildName":"projects/1083339114910/locations/us-central1/builds/9e6f1bdc-f261-4ed7-90ae-9fc2a95a2fd6","dockerRegistry":"ARTIFACT_REGISTRY","automaticUpdatePolicy":{},"buildServiceAccount":"projects/connectiopos/serviceAccounts/1083339114910-compute@developer.gserviceaccount.com"},"versionId":"2","updateTime":"2024-09-08T01:42:44Z","buildId":"23ca01e1-59c3-4176-b742-c42ef8be25ae","buildName":"projects/1083339114910/locations/us-central1/builds/23ca01e1-59c3-4176-b742-c42ef8be25ae"}}
[debug] [2024-09-08T01:43:32.267Z] [update-default-us-central1-sendSMSOnNewCotacao] Retrying task index 0
[debug] [2024-09-08T01:43:32.268Z] >>> [apiv2][query] GET https://cloudfunctions.googleapis.com/v1/operations/Y29ubmVjdGlvcG9zL3VzLWNlbnRyYWwxL3NlbmRTTVNPbk5ld0NvdGFjYW8vYmtYWkpCdFdTRkU [none]
[debug] [2024-09-08T01:43:33.025Z] <<< [apiv2][status] GET https://cloudfunctions.googleapis.com/v1/operations/Y29ubmVjdGlvcG9zL3VzLWNlbnRyYWwxL3NlbmRTTVNPbk5ld0NvdGFjYW8vYmtYWkpCdFdTRkU 200
[debug] [2024-09-08T01:43:33.026Z] <<< [apiv2][body] GET https://cloudfunctions.googleapis.com/v1/operations/Y29ubmVjdGlvcG9zL3VzLWNlbnRyYWwxL3NlbmRTTVNPbk5ld0NvdGFjYW8vYmtYWkpCdFdTRkU {"name":"operations/Y29ubmVjdGlvcG9zL3VzLWNlbnRyYWwxL3NlbmRTTVNPbk5ld0NvdGFjYW8vYmtYWkpCdFdTRkU","metadata":{"@type":"type.googleapis.com/google.cloud.functions.v1.OperationMetadataV1","target":"projects/connectiopos/locations/us-central1/functions/sendSMSOnNewCotacao","type":"UPDATE_FUNCTION","request":{"@type":"type.googleapis.com/google.cloud.functions.v1.CloudFunction","name":"projects/connectiopos/locations/us-central1/functions/sendSMSOnNewCotacao","eventTrigger":{"eventType":"providers/google.firebase.database/eventTypes/ref.create","resource":"projects/_/instances/connectiopos-default-rtdb/refs/cotacoes/{cotacaoId}","service":"firebaseio.com"},"status":"OFFLINE","entryPoint":"sendSMSOnNewCotacao","updateTime":"2024-09-08T00:33:59.279Z","versionId":"1","labels":{"deployment-tool":"cli-firebase","firebase-functions-hash":"d12a17c0c9b07889f40841e3fb9bc50977384038"},"sourceUploadUrl":"https://storage.googleapis.com/uploads-911273786253.us-central1.cloudfunctions.appspot.com/a4913959-7483-42b0-837c-b55181a9bb23.zip?GoogleAccessId=service-1083339114910@gcf-admin-robot.iam.gserviceaccount.com&Expires=1725761560&Signature=jddlKlZMG99SqZuBgqaE75MvPFwcZajkvdLxLABtTxVwR7sbOunnj%2Fj3WHryy%2BzeC7p%2Fel8Tl4LNUN7O%2Frt7KIDPHWYWEFQ2ARzj48S1Xe6xA620qh%2BAGxPLZE%2BoQKY72%2BGbt0dXSSws%2BryyKG0UF8M1kQMqVRZ%2FO0vUhNp5fk9ONxgqIohf5Of7Y2SAdkqHPb5D%2FnprAamPp7%2Bt0V5vn51SefF2VUbcTRmxYeZzdPQZhiYdoOTAcfN0xmM2OQ2xn9lnUcd7EwQZw1sdkSZOI6TugMXtBUzW1wJh0wF2qGgZ90S7uVxiI%2BEf%2FFqe1gN5V7cRESIRhX9lUWbge%2B278Q%3D%3D","environmentVariables":{"FIREBASE_CONFIG":"{\"projectId\":\"connectiopos\",\"databaseURL\":\"https://connectiopos-default-rtdb.firebaseio.com\",\"storageBucket\":\"connectiopos.appspot.com\",\"locationId\":\"us-central\"}","GCLOUD_PROJECT":"connectiopos","EVENTARC_CLOUD_EVENT_SOURCE":"projects/connectiopos/locations/us-central1/functions/sendSMSOnNewCotacao"},"runtime":"nodejs18","buildId":"9e6f1bdc-f261-4ed7-90ae-9fc2a95a2fd6","buildEnvironmentVariables":{"GOOGLE_NODE_RUN_SCRIPTS":""},"buildName":"projects/1083339114910/locations/us-central1/builds/9e6f1bdc-f261-4ed7-90ae-9fc2a95a2fd6","dockerRegistry":"ARTIFACT_REGISTRY","automaticUpdatePolicy":{},"buildServiceAccount":"projects/connectiopos/serviceAccounts/1083339114910-compute@developer.gserviceaccount.com"},"versionId":"2","updateTime":"2024-09-08T01:42:44Z","buildId":"23ca01e1-59c3-4176-b742-c42ef8be25ae","sourceToken":"d2e91a47-78c6-42d3-b6d1-77c1b5bf2277","buildName":"projects/1083339114910/locations/us-central1/builds/23ca01e1-59c3-4176-b742-c42ef8be25ae"}}
[debug] [2024-09-08T01:43:33.027Z] Got source token d2e91a47-78c6-42d3-b6d1-77c1b5bf2277 for region us-central1
[debug] [2024-09-08T01:43:43.037Z] [update-default-us-central1-sendSMSOnNewCotacao] Retrying task index 0
[debug] [2024-09-08T01:43:43.038Z] >>> [apiv2][query] GET https://cloudfunctions.googleapis.com/v1/operations/Y29ubmVjdGlvcG9zL3VzLWNlbnRyYWwxL3NlbmRTTVNPbk5ld0NvdGFjYW8vYmtYWkpCdFdTRkU [none]
[debug] [2024-09-08T01:43:43.777Z] <<< [apiv2][status] GET https://cloudfunctions.googleapis.com/v1/operations/Y29ubmVjdGlvcG9zL3VzLWNlbnRyYWwxL3NlbmRTTVNPbk5ld0NvdGFjYW8vYmtYWkpCdFdTRkU 200
[debug] [2024-09-08T01:43:43.777Z] <<< [apiv2][body] GET https://cloudfunctions.googleapis.com/v1/operations/Y29ubmVjdGlvcG9zL3VzLWNlbnRyYWwxL3NlbmRTTVNPbk5ld0NvdGFjYW8vYmtYWkpCdFdTRkU {"name":"operations/Y29ubmVjdGlvcG9zL3VzLWNlbnRyYWwxL3NlbmRTTVNPbk5ld0NvdGFjYW8vYmtYWkpCdFdTRkU","metadata":{"@type":"type.googleapis.com/google.cloud.functions.v1.OperationMetadataV1","target":"projects/connectiopos/locations/us-central1/functions/sendSMSOnNewCotacao","type":"UPDATE_FUNCTION","request":{"@type":"type.googleapis.com/google.cloud.functions.v1.CloudFunction","name":"projects/connectiopos/locations/us-central1/functions/sendSMSOnNewCotacao","eventTrigger":{"eventType":"providers/google.firebase.database/eventTypes/ref.create","resource":"projects/_/instances/connectiopos-default-rtdb/refs/cotacoes/{cotacaoId}","service":"firebaseio.com"},"status":"OFFLINE","entryPoint":"sendSMSOnNewCotacao","updateTime":"2024-09-08T00:33:59.279Z","versionId":"1","labels":{"deployment-tool":"cli-firebase","firebase-functions-hash":"d12a17c0c9b07889f40841e3fb9bc50977384038"},"sourceUploadUrl":"https://storage.googleapis.com/uploads-911273786253.us-central1.cloudfunctions.appspot.com/a4913959-7483-42b0-837c-b55181a9bb23.zip?GoogleAccessId=service-1083339114910@gcf-admin-robot.iam.gserviceaccount.com&Expires=1725761560&Signature=jddlKlZMG99SqZuBgqaE75MvPFwcZajkvdLxLABtTxVwR7sbOunnj%2Fj3WHryy%2BzeC7p%2Fel8Tl4LNUN7O%2Frt7KIDPHWYWEFQ2ARzj48S1Xe6xA620qh%2BAGxPLZE%2BoQKY72%2BGbt0dXSSws%2BryyKG0UF8M1kQMqVRZ%2FO0vUhNp5fk9ONxgqIohf5Of7Y2SAdkqHPb5D%2FnprAamPp7%2Bt0V5vn51SefF2VUbcTRmxYeZzdPQZhiYdoOTAcfN0xmM2OQ2xn9lnUcd7EwQZw1sdkSZOI6TugMXtBUzW1wJh0wF2qGgZ90S7uVxiI%2BEf%2FFqe1gN5V7cRESIRhX9lUWbge%2B278Q%3D%3D","environmentVariables":{"FIREBASE_CONFIG":"{\"projectId\":\"connectiopos\",\"databaseURL\":\"https://connectiopos-default-rtdb.firebaseio.com\",\"storageBucket\":\"connectiopos.appspot.com\",\"locationId\":\"us-central\"}","GCLOUD_PROJECT":"connectiopos","EVENTARC_CLOUD_EVENT_SOURCE":"projects/connectiopos/locations/us-central1/functions/sendSMSOnNewCotacao"},"runtime":"nodejs18","buildId":"9e6f1bdc-f261-4ed7-90ae-9fc2a95a2fd6","buildEnvironmentVariables":{"GOOGLE_NODE_RUN_SCRIPTS":""},"buildName":"projects/1083339114910/locations/us-central1/builds/9e6f1bdc-f261-4ed7-90ae-9fc2a95a2fd6","dockerRegistry":"ARTIFACT_REGISTRY","automaticUpdatePolicy":{},"buildServiceAccount":"projects/connectiopos/serviceAccounts/1083339114910-compute@developer.gserviceaccount.com"},"versionId":"2","updateTime":"2024-09-08T01:42:44Z","buildId":"23ca01e1-59c3-4176-b742-c42ef8be25ae","sourceToken":"d2e91a47-78c6-42d3-b6d1-77c1b5bf2277","buildName":"projects/1083339114910/locations/us-central1/builds/23ca01e1-59c3-4176-b742-c42ef8be25ae"}}
[debug] [2024-09-08T01:43:43.777Z] Got source token d2e91a47-78c6-42d3-b6d1-77c1b5bf2277 for region us-central1
[debug] [2024-09-08T01:43:53.785Z] [update-default-us-central1-sendSMSOnNewCotacao] Retrying task index 0
[debug] [2024-09-08T01:43:53.786Z] >>> [apiv2][query] GET https://cloudfunctions.googleapis.com/v1/operations/Y29ubmVjdGlvcG9zL3VzLWNlbnRyYWwxL3NlbmRTTVNPbk5ld0NvdGFjYW8vYmtYWkpCdFdTRkU [none]
[debug] [2024-09-08T01:43:54.483Z] <<< [apiv2][status] GET https://cloudfunctions.googleapis.com/v1/operations/Y29ubmVjdGlvcG9zL3VzLWNlbnRyYWwxL3NlbmRTTVNPbk5ld0NvdGFjYW8vYmtYWkpCdFdTRkU 200
[debug] [2024-09-08T01:43:54.484Z] <<< [apiv2][body] GET https://cloudfunctions.googleapis.com/v1/operations/Y29ubmVjdGlvcG9zL3VzLWNlbnRyYWwxL3NlbmRTTVNPbk5ld0NvdGFjYW8vYmtYWkpCdFdTRkU {"name":"operations/Y29ubmVjdGlvcG9zL3VzLWNlbnRyYWwxL3NlbmRTTVNPbk5ld0NvdGFjYW8vYmtYWkpCdFdTRkU","metadata":{"@type":"type.googleapis.com/google.cloud.functions.v1.OperationMetadataV1","target":"projects/connectiopos/locations/us-central1/functions/sendSMSOnNewCotacao","type":"UPDATE_FUNCTION","request":{"@type":"type.googleapis.com/google.cloud.functions.v1.CloudFunction","name":"projects/connectiopos/locations/us-central1/functions/sendSMSOnNewCotacao","eventTrigger":{"eventType":"providers/google.firebase.database/eventTypes/ref.create","resource":"projects/_/instances/connectiopos-default-rtdb/refs/cotacoes/{cotacaoId}","service":"firebaseio.com"},"status":"OFFLINE","entryPoint":"sendSMSOnNewCotacao","updateTime":"2024-09-08T00:33:59.279Z","versionId":"1","labels":{"deployment-tool":"cli-firebase","firebase-functions-hash":"d12a17c0c9b07889f40841e3fb9bc50977384038"},"sourceUploadUrl":"https://storage.googleapis.com/uploads-911273786253.us-central1.cloudfunctions.appspot.com/a4913959-7483-42b0-837c-b55181a9bb23.zip?GoogleAccessId=service-1083339114910@gcf-admin-robot.iam.gserviceaccount.com&Expires=1725761560&Signature=jddlKlZMG99SqZuBgqaE75MvPFwcZajkvdLxLABtTxVwR7sbOunnj%2Fj3WHryy%2BzeC7p%2Fel8Tl4LNUN7O%2Frt7KIDPHWYWEFQ2ARzj48S1Xe6xA620qh%2BAGxPLZE%2BoQKY72%2BGbt0dXSSws%2BryyKG0UF8M1kQMqVRZ%2FO0vUhNp5fk9ONxgqIohf5Of7Y2SAdkqHPb5D%2FnprAamPp7%2Bt0V5vn51SefF2VUbcTRmxYeZzdPQZhiYdoOTAcfN0xmM2OQ2xn9lnUcd7EwQZw1sdkSZOI6TugMXtBUzW1wJh0wF2qGgZ90S7uVxiI%2BEf%2FFqe1gN5V7cRESIRhX9lUWbge%2B278Q%3D%3D","environmentVariables":{"FIREBASE_CONFIG":"{\"projectId\":\"connectiopos\",\"databaseURL\":\"https://connectiopos-default-rtdb.firebaseio.com\",\"storageBucket\":\"connectiopos.appspot.com\",\"locationId\":\"us-central\"}","GCLOUD_PROJECT":"connectiopos","EVENTARC_CLOUD_EVENT_SOURCE":"projects/connectiopos/locations/us-central1/functions/sendSMSOnNewCotacao"},"runtime":"nodejs18","buildId":"9e6f1bdc-f261-4ed7-90ae-9fc2a95a2fd6","buildEnvironmentVariables":{"GOOGLE_NODE_RUN_SCRIPTS":""},"buildName":"projects/1083339114910/locations/us-central1/builds/9e6f1bdc-f261-4ed7-90ae-9fc2a95a2fd6","dockerRegistry":"ARTIFACT_REGISTRY","automaticUpdatePolicy":{},"buildServiceAccount":"projects/connectiopos/serviceAccounts/1083339114910-compute@developer.gserviceaccount.com"},"versionId":"2","updateTime":"2024-09-08T01:43:46Z","buildId":"23ca01e1-59c3-4176-b742-c42ef8be25ae","sourceToken":"d2e91a47-78c6-42d3-b6d1-77c1b5bf2277","buildName":"projects/1083339114910/locations/us-central1/builds/23ca01e1-59c3-4176-b742-c42ef8be25ae"},"done":true,"error":{"code":3,"message":"Function failed on loading user code. This is likely due to a bug in the user code. Error message: Provided module can't be loaded.\nDid you list all required modules in the package.json dependencies?\nDetailed stack trace: Error: Cannot find module 'twilio'\nRequire stack:\n- /workspace/index.js\n- /layers/google.nodejs.functions-framework/functions-framework/node_modules/@google-cloud/functions-framework/build/src/loader.js\n- /layers/google.nodejs.functions-framework/functions-framework/node_modules/@google-cloud/functions-framework/build/src/main.js\n    at Module._resolveFilename (node:internal/modules/cjs/loader:1140:15)\n    at Module._load (node:internal/modules/cjs/loader:981:27)\n    at Module.require (node:internal/modules/cjs/loader:1231:19)\n    at require (node:internal/modules/helpers:177:18)\n    at Object.<anonymous> (/workspace/index.js:3:16)\n    at Module._compile (node:internal/modules/cjs/loader:1364:14)\n    at Module._extensions..js (node:internal/modules/cjs/loader:1422:10)\n    at Module.load (node:internal/modules/cjs/loader:1203:32)\n    at Module._load (node:internal/modules/cjs/loader:1019:12)\n    at Module.require (node:internal/modules/cjs/loader:1231:19)\nCould not load the function, shutting down.. Please visit https://cloud.google.com/functions/docs/troubleshooting for in-depth troubleshooting documentation."}}
[debug] [2024-09-08T01:43:54.485Z] Got source token d2e91a47-78c6-42d3-b6d1-77c1b5bf2277 for region us-central1
[error] Function failed on loading user code. This is likely due to a bug in the user code. Error message: Provided module can't be loaded.
Did you list all required modules in the package.json dependencies?
Detailed stack trace: Error: Cannot find module 'twilio'
Require stack:
- /workspace/index.js
- /layers/google.nodejs.functions-framework/functions-framework/node_modules/@google-cloud/functions-framework/build/src/loader.js
- /layers/google.nodejs.functions-framework/functions-framework/node_modules/@google-cloud/functions-framework/build/src/main.js
    at Module._resolveFilename (node:internal/modules/cjs/loader:1140:15)
    at Module._load (node:internal/modules/cjs/loader:981:27)
    at Module.require (node:internal/modules/cjs/loader:1231:19)
    at require (node:internal/modules/helpers:177:18)
    at Object.<anonymous> (/workspace/index.js:3:16)
    at Module._compile (node:internal/modules/cjs/loader:1364:14)
    at Module._extensions..js (node:internal/modules/cjs/loader:1422:10)
    at Module.load (node:internal/modules/cjs/loader:1203:32)
    at Module._load (node:internal/modules/cjs/loader:1019:12)
    at Module.require (node:internal/modules/cjs/loader:1231:19)
Could not load the function, shutting down.. Please visit https://cloud.google.com/functions/docs/troubleshooting for in-depth troubleshooting documentation.
[debug] [2024-09-08T01:43:54.517Z] Total Function Deployment time: 72856
[debug] [2024-09-08T01:43:54.517Z] 1 Functions Deployed
[debug] [2024-09-08T01:43:54.517Z] 1 Functions Errored
[debug] [2024-09-08T01:43:54.518Z] 0 Function Deployments Aborted
[debug] [2024-09-08T01:43:54.518Z] Average Function Deployment time: 72854
[info] 
[info] Functions deploy had errors with the following functions:
	sendSMSOnNewCotacao(us-central1)
[info] i  functions: cleaning up build files... 
[debug] [2024-09-08T01:43:55.188Z] >>> [apiv2][query] DELETE https://artifactregistry.googleapis.com/v1beta2/projects/connectiopos/locations/us-central1/repositories/gcf-artifacts/packages/send_s_m_s_on_new_cotacao [none]
[debug] [2024-09-08T01:43:55.194Z] >>> [apiv2][query] GET https://us.gcr.io/v2/connectiopos/gcf/us-central1/tags/list [none]
[debug] [2024-09-08T01:43:56.506Z] <<< [apiv2][status] GET https://us.gcr.io/v2/connectiopos/gcf/us-central1/tags/list 404
[debug] [2024-09-08T01:43:56.507Z] <<< [apiv2][body] GET https://us.gcr.io/v2/connectiopos/gcf/us-central1/tags/list {"errors":[{"code":"NAME_UNKNOWN","message":"Repository \"us.gcr.io\" not found"}]}
[debug] [2024-09-08T01:43:56.508Z] Failed docker command with error  HTTP Error: 404, Not Found {"name":"FirebaseError","children":[],"context":{"body":{"errors":[{"code":"NAME_UNKNOWN","message":"Repository \"us.gcr.io\" not found"}],"error":{"message":"Not Found"}},"response":{"statusCode":404}},"exit":1,"message":"HTTP Error: 404, Not Found","status":404}
[debug] [2024-09-08T01:43:56.512Z] >>> [apiv2][query] GET https://us.gcr.io/v2/connectiopos/gcf/us-central1/tags/list [none]
[debug] [2024-09-08T01:43:56.664Z] <<< [apiv2][status] DELETE https://artifactregistry.googleapis.com/v1beta2/projects/connectiopos/locations/us-central1/repositories/gcf-artifacts/packages/send_s_m_s_on_new_cotacao 200
[debug] [2024-09-08T01:43:56.664Z] <<< [apiv2][body] DELETE https://artifactregistry.googleapis.com/v1beta2/projects/connectiopos/locations/us-central1/repositories/gcf-artifacts/packages/send_s_m_s_on_new_cotacao {"name":"projects/connectiopos/locations/us-central1/operations/e737d8e2-874f-4db0-85cf-f3d25843d3ce","metadata":{"@type":"type.googleapis.com/google.devtools.artifactregistry.v1beta2.OperationMetadata"}}
[debug] [2024-09-08T01:43:56.665Z] >>> [apiv2][query] GET https://artifactregistry.googleapis.com/v1beta2/projects/connectiopos/locations/us-central1/operations/e737d8e2-874f-4db0-85cf-f3d25843d3ce [none]
[debug] [2024-09-08T01:43:56.970Z] <<< [apiv2][status] GET https://us.gcr.io/v2/connectiopos/gcf/us-central1/tags/list 404
[debug] [2024-09-08T01:43:56.971Z] <<< [apiv2][body] GET https://us.gcr.io/v2/connectiopos/gcf/us-central1/tags/list {"errors":[{"code":"NAME_UNKNOWN","message":"Repository \"us.gcr.io\" not found"}]}
[debug] [2024-09-08T01:43:56.971Z] Failed docker command with error  HTTP Error: 404, Not Found {"name":"FirebaseError","children":[],"context":{"body":{"errors":[{"code":"NAME_UNKNOWN","message":"Repository \"us.gcr.io\" not found"}],"error":{"message":"Not Found"}},"response":{"statusCode":404}},"exit":1,"message":"HTTP Error: 404, Not Found","status":404}
[debug] [2024-09-08T01:43:57.075Z] >>> [apiv2][query] GET https://us.gcr.io/v2/connectiopos/gcf/us-central1/tags/list [none]
[debug] [2024-09-08T01:43:57.535Z] <<< [apiv2][status] GET https://us.gcr.io/v2/connectiopos/gcf/us-central1/tags/list 404
[debug] [2024-09-08T01:43:57.535Z] <<< [apiv2][body] GET https://us.gcr.io/v2/connectiopos/gcf/us-central1/tags/list {"errors":[{"code":"NAME_UNKNOWN","message":"Repository \"us.gcr.io\" not found"}]}
[debug] [2024-09-08T01:43:57.535Z] Failed docker command with error  HTTP Error: 404, Not Found {"name":"FirebaseError","children":[],"context":{"body":{"errors":[{"code":"NAME_UNKNOWN","message":"Repository \"us.gcr.io\" not found"}],"error":{"message":"Not Found"}},"response":{"statusCode":404}},"exit":1,"message":"HTTP Error: 404, Not Found","status":404}
[debug] [2024-09-08T01:43:57.582Z] <<< [apiv2][status] GET https://artifactregistry.googleapis.com/v1beta2/projects/connectiopos/locations/us-central1/operations/e737d8e2-874f-4db0-85cf-f3d25843d3ce 200
[debug] [2024-09-08T01:43:57.582Z] <<< [apiv2][body] GET https://artifactregistry.googleapis.com/v1beta2/projects/connectiopos/locations/us-central1/operations/e737d8e2-874f-4db0-85cf-f3d25843d3ce {"name":"projects/connectiopos/locations/us-central1/operations/e737d8e2-874f-4db0-85cf-f3d25843d3ce","metadata":{"@type":"type.googleapis.com/google.devtools.artifactregistry.v1beta2.OperationMetadata"},"done":true,"response":{"@type":"type.googleapis.com/google.protobuf.Empty"}}
[warn] !  functions: Unhandled error cleaning up build images. This could result in a small monthly bill if not corrected. You can attempt to delete these images by redeploying or you can delete them manually at https://console.cloud.google.com/gcr/images/connectiopos/us/gcf 
[debug] [2024-09-08T01:43:57.588Z] Functions deploy failed.
[debug] [2024-09-08T01:43:57.588Z] {
  "endpoint": {
    "id": "sendSMSOnNewCotacao",
    "project": "connectiopos",
    "region": "us-central1",
    "entryPoint": "sendSMSOnNewCotacao",
    "platform": "gcfv1",
    "runtime": "nodejs18",
    "eventTrigger": {
      "eventType": "providers/google.firebase.database/eventTypes/ref.create",
      "retry": false,
      "eventFilters": {
        "resource": "projects/_/instances/connectiopos-default-rtdb/refs/cotacoes/{cotacaoId}"
      }
    },
    "labels": {
      "deployment-tool": "cli-firebase"
    },
    "ingressSettings": null,
    "availableMemoryMb": null,
    "serviceAccount": null,
    "timeoutSeconds": null,
    "maxInstances": null,
    "minInstances": null,
    "vpc": null,
    "environmentVariables": {
      "FIREBASE_CONFIG": "{\"projectId\":\"connectiopos\",\"databaseURL\":\"https://connectiopos-default-rtdb.firebaseio.com\",\"storageBucket\":\"connectiopos.appspot.com\",\"locationId\":\"us-central\"}",
      "GCLOUD_PROJECT": "connectiopos",
      "EVENTARC_CLOUD_EVENT_SOURCE": "projects/connectiopos/locations/us-central1/functions/sendSMSOnNewCotacao"
    },
    "codebase": "default",
    "securityLevel": "SECURE_ALWAYS",
    "targetedByOnly": false,
    "hash": "d12a17c0c9b07889f40841e3fb9bc50977384038"
  },
  "op": "update",
  "original": {
    "name": "FirebaseError",
    "children": [],
    "exit": 1,
    "message": "Function failed on loading user code. This is likely due to a bug in the user code. Error message: Provided module can't be loaded.\nDid you list all required modules in the package.json dependencies?\nDetailed stack trace: Error: Cannot find module 'twilio'\nRequire stack:\n- /workspace/index.js\n- /layers/google.nodejs.functions-framework/functions-framework/node_modules/@google-cloud/functions-framework/build/src/loader.js\n- /layers/google.nodejs.functions-framework/functions-framework/node_modules/@google-cloud/functions-framework/build/src/main.js\n    at Module._resolveFilename (node:internal/modules/cjs/loader:1140:15)\n    at Module._load (node:internal/modules/cjs/loader:981:27)\n    at Module.require (node:internal/modules/cjs/loader:1231:19)\n    at require (node:internal/modules/helpers:177:18)\n    at Object.<anonymous> (/workspace/index.js:3:16)\n    at Module._compile (node:internal/modules/cjs/loader:1364:14)\n    at Module._extensions..js (node:internal/modules/cjs/loader:1422:10)\n    at Module.load (node:internal/modules/cjs/loader:1203:32)\n    at Module._load (node:internal/modules/cjs/loader:1019:12)\n    at Module.require (node:internal/modules/cjs/loader:1231:19)\nCould not load the function, shutting down.. Please visit https://cloud.google.com/functions/docs/troubleshooting for in-depth troubleshooting documentation.",
    "original": {
      "code": 3,
      "message": "Function failed on loading user code. This is likely due to a bug in the user code. Error message: Provided module can't be loaded.\nDid you list all required modules in the package.json dependencies?\nDetailed stack trace: Error: Cannot find module 'twilio'\nRequire stack:\n- /workspace/index.js\n- /layers/google.nodejs.functions-framework/functions-framework/node_modules/@google-cloud/functions-framework/build/src/loader.js\n- /layers/google.nodejs.functions-framework/functions-framework/node_modules/@google-cloud/functions-framework/build/src/main.js\n    at Module._resolveFilename (node:internal/modules/cjs/loader:1140:15)\n    at Module._load (node:internal/modules/cjs/loader:981:27)\n    at Module.require (node:internal/modules/cjs/loader:1231:19)\n    at require (node:internal/modules/helpers:177:18)\n    at Object.<anonymous> (/workspace/index.js:3:16)\n    at Module._compile (node:internal/modules/cjs/loader:1364:14)\n    at Module._extensions..js (node:internal/modules/cjs/loader:1422:10)\n    at Module.load (node:internal/modules/cjs/loader:1203:32)\n    at Module._load (node:internal/modules/cjs/loader:1019:12)\n    at Module.require (node:internal/modules/cjs/loader:1231:19)\nCould not load the function, shutting down.. Please visit https://cloud.google.com/functions/docs/troubleshooting for in-depth troubleshooting documentation."
    },
    "status": 3,
    "code": 3
  }
}
[debug] [2024-09-08T01:43:57.841Z] Error: Failed to update function sendSMSOnNewCotacao in region us-central1
    at C:\Users\Connection\AppData\Roaming\npm\node_modules\firebase-tools\lib\deploy\functions\release\fabricator.js:52:11
    at process.processTicksAndRejections (node:internal/process/task_queues:95:5)
    at async Fabricator.updateV1Function (C:\Users\Connection\AppData\Roaming\npm\node_modules\firebase-tools\lib\deploy\functions\release\fabricator.js:352:32)
    at async Fabricator.updateEndpoint (C:\Users\Connection\AppData\Roaming\npm\node_modules\firebase-tools\lib\deploy\functions\release\fabricator.js:152:13)
    at async handle (C:\Users\Connection\AppData\Roaming\npm\node_modules\firebase-tools\lib\deploy\functions\release\fabricator.js:89:17)
[error] 
[error] Error: There was an error deploying functions
